ggml_cuda_init: found 2 ROCm devices (Total VRAM: 63552 MiB):
  Device 0: AMD Radeon AI PRO R9700, gfx1201 (0x1201), VMM: no, Wave Size: 32, VRAM: 32624 MiB
  Device 1: AMD Radeon Graphics, gfx1036 (0x1036), VMM: no, Wave Size: 32, VRAM: 30928 MiB
load_backend: loaded ROCm backend from /app/libggml-hip.so
load_backend: loaded CPU backend from /app/libggml-cpu-zen4.so
llama-bench: benchmark 1/1: starting
llama_model_loader: loaded meta data with 50 key-value pairs and 866 tensors from /models/493301830a596b8ad56dc1329f80bbcb578c8e910da395feafdc9cd8263430bb (version GGUF V3 (latest))
llama_model_loader: Dumping metadata keys/values. Note: KV overrides do not apply in this output.
llama_model_loader: - kv   0:                       general.architecture str              = qwen35
llama_model_loader: - kv   1:                               general.type str              = model
llama_model_loader: - kv   2:                     general.sampling.top_k i32              = 20
llama_model_loader: - kv   3:                     general.sampling.top_p f32              = 0.950000
llama_model_loader: - kv   4:                      general.sampling.temp f32              = 1.000000
llama_model_loader: - kv   5:                               general.name str              = Qwen3.8-27B
llama_model_loader: - kv   6:                           general.basename str              = Qwen3.8-27B
llama_model_loader: - kv   7:                        general.description str              = Renewal of the beloved Qwen model, de...
llama_model_loader: - kv   8:                       general.quantized_by str              = Unsloth
llama_model_loader: - kv   9:                         general.size_label str              = 27B
llama_model_loader: - kv  10:                            general.license str              = apache-2.0
llama_model_loader: - kv  11:                           general.repo_url str              = https://huggingface.co/unsloth
llama_model_loader: - kv  12:                   general.base_model.count u32              = 1
llama_model_loader: - kv  13:                  general.base_model.0.name str              = Qwen3.8 27B
llama_model_loader: - kv  14:          general.base_model.0.organization str              = Qwen
llama_model_loader: - kv  15:              general.base_model.0.repo_url str              = https://huggingface.co/Qwen/Qwen3.8-27B
llama_model_loader: - kv  16:                               general.tags arr[str,1]       = ["unsloth"]
llama_model_loader: - kv  17:                         qwen35.block_count u32              = 65
llama_model_loader: - kv  18:                      qwen35.context_length u32              = 262144
llama_model_loader: - kv  19:                    qwen35.embedding_length u32              = 5120
llama_model_loader: - kv  20:                 qwen35.feed_forward_length u32              = 17408
llama_model_loader: - kv  21:                qwen35.attention.head_count u32              = 24
llama_model_loader: - kv  22:             qwen35.attention.head_count_kv u32              = 4
llama_model_loader: - kv  23:             qwen35.rope.dimension_sections arr[i32,4]       = [11, 11, 10, 0]
llama_model_loader: - kv  24:                      qwen35.rope.freq_base f32              = 10000000.000000
llama_model_loader: - kv  25:    qwen35.attention.layer_norm_rms_epsilon f32              = 0.000001
llama_model_loader: - kv  26:                qwen35.attention.key_length u32              = 256
llama_model_loader: - kv  27:              qwen35.attention.value_length u32              = 256
llama_model_loader: - kv  28:                qwen35.nextn_predict_layers u32              = 1
llama_model_loader: - kv  29:                     qwen35.ssm.conv_kernel u32              = 4
llama_model_loader: - kv  30:                      qwen35.ssm.state_size u32              = 128
llama_model_loader: - kv  31:                     qwen35.ssm.group_count u32              = 16
llama_model_loader: - kv  32:                  qwen35.ssm.time_step_rank u32              = 48
llama_model_loader: - kv  33:                      qwen35.ssm.inner_size u32              = 6144
llama_model_loader: - kv  34:             qwen35.full_attention_interval u32              = 4
llama_model_loader: - kv  35:                qwen35.rope.dimension_count u32              = 64
llama_model_loader: - kv  36:                       tokenizer.ggml.model str              = gpt2
llama_model_loader: - kv  37:                         tokenizer.ggml.pre str              = qwen35
llama_model_loader: - kv  38:                      tokenizer.ggml.tokens arr[str,248320]  = ["!", "\"", "#", "$", "%", "&", "'", ...
llama_model_loader: - kv  39:                  tokenizer.ggml.token_type arr[i32,248320]  = [1, 1, 1, 1, 1, 1, 1, 1, 1, 1, 1, 1, ...
llama_model_loader: - kv  40:                      tokenizer.ggml.merges arr[str,247587]  = ["Ġ Ġ", "ĠĠ ĠĠ", "i n", "Ġ t",...
llama_model_loader: - kv  41:                tokenizer.ggml.eos_token_id u32              = 248046
llama_model_loader: - kv  42:            tokenizer.ggml.padding_token_id u32              = 248055
llama_model_loader: - kv  43:                tokenizer.ggml.bos_token_id u32              = 248044
llama_model_loader: - kv  44:               general.quantization_version u32              = 2
llama_model_loader: - kv  45:                          general.file_type u32              = 18
llama_model_loader: - kv  46:                      quantize.imatrix.file str              = Qwen3.8-27B-GGUF/imatrix_unsloth.gguf
llama_model_loader: - kv  47:             quantize.imatrix.entries_count u32              = 496
llama_model_loader: - kv  48:              quantize.imatrix.chunks_count u32              = 1251
llama_model_loader: - kv  49:                    tokenizer.chat_template str              = {%- set image_count = namespace(value...
llama_model_loader: - type  f32:  360 tensors
llama_model_loader: - type q8_0:  201 tensors
llama_model_loader: - type q4_K:    2 tensors
llama_model_loader: - type q5_K:   71 tensors
llama_model_loader: - type q6_K:  231 tensors
llama_model_loader: - type iq4_nl:    1 tensors
print_info: file format = GGUF V3 (latest)
print_info: file type   = Q6_K
print_info: file size   = 21.49 GiB (6.76 BPW) 
llama_prepare_model_devices: using device ROCm0 (AMD Radeon AI PRO R9700) (0000:03:00.0) - 32494 MiB free
init_tokenizer: initializing tokenizer for type 2
load: 0 unused tokens
load: control token: 248075 '<tts_text_bos_single>' is not marked as EOG
load: control token: 248073 '<tts_text_bos>' is not marked as EOG
load: control token: 248072 '<tts_pad>' is not marked as EOG
load: control token: 248071 '<|audio_end|>' is not marked as EOG
load: control token: 248061 '<|fim_middle|>' is not marked as EOG
load: control token: 248055 '<|vision_pad|>' is not marked as EOG
load: control token: 248052 '<|quad_end|>' is not marked as EOG
load: control token: 248049 '<|box_start|>' is not marked as EOG
load: control token: 248048 '<|object_ref_end|>' is not marked as EOG
load: control token: 248045 '<|im_start|>' is not marked as EOG
load: control token: 248057 '<|video_pad|>' is not marked as EOG
load: control token: 248070 '<|audio_start|>' is not marked as EOG
load: control token: 248056 '<|image_pad|>' is not marked as EOG
load: control token: 248054 '<|vision_end|>' is not marked as EOG
load: control token: 248060 '<|fim_prefix|>' is not marked as EOG
load: control token: 248050 '<|box_end|>' is not marked as EOG
load: control token: 248074 '<tts_text_eod>' is not marked as EOG
load: control token: 248053 '<|vision_start|>' is not marked as EOG
load: control token: 248062 '<|fim_suffix|>' is not marked as EOG
load: control token: 248047 '<|object_ref_start|>' is not marked as EOG
load: control token: 248051 '<|quad_start|>' is not marked as EOG
load: control token: 248076 '<|audio_pad|>' is not marked as EOG
load: printing all EOG tokens:
load:   - 248044 ('<|endoftext|>')
load:   - 248046 ('<|im_end|>')
load:   - 248063 ('<|fim_pad|>')
load:   - 248064 ('<|repo_name|>')
load:   - 248065 ('<|file_sep|>')
load: special tokens cache size = 33
load: token to piece cache size = 1.7581 MB
print_info: arch                  = qwen35
print_info: vocab_only            = 0
print_info: no_alloc              = 0
print_info: n_ctx_train           = 262144
print_info: n_embd_inp            = 5120
print_info: n_embd                = 5120
print_info: n_embd_out            = 5120
print_info: n_layer               = 64
print_info: n_layer_all           = 65
print_info: n_head                = 24
print_info: n_head_kv             = 4
print_info: n_rot                 = 64
print_info: n_swa                 = 0
print_info: is_swa_any            = 0
print_info: non_causal_type       = 0
print_info: n_embd_head_k         = 256
print_info: n_embd_head_v         = 256
print_info: n_gqa                 = 6
print_info: n_embd_k_gqa          = 1024
print_info: n_embd_v_gqa          = 1024
print_info: f_norm_eps            = 0.0e+00
print_info: f_norm_rms_eps        = 1.0e-06
print_info: f_clamp_kqv           = 0.0e+00
print_info: f_max_alibi_bias      = 0.0e+00
print_info: f_logit_scale         = 0.0e+00
print_info: f_attn_scale          = 0.0e+00
print_info: f_attn_value_scale    = 0.0000
print_info: n_ff                  = 17408
print_info: n_expert              = 0
print_info: n_expert_used         = 0
print_info: n_expert_groups       = 0
print_info: n_group_used          = 0
print_info: causal attn           = 1
print_info: pooling type          = -1
print_info: rope type             = 40
print_info: rope scaling          = linear
print_info: freq_base_train       = 10000000.0
print_info: freq_scale_train      = 1
print_info: n_ctx_orig_yarn       = 262144
print_info: rope_yarn_log_mul     = 0.0000
print_info: rope_finetuned        = unknown
print_info: mrope sections        = [11, 11, 10, 0]
print_info: ssm_d_conv            = 4
print_info: ssm_d_inner           = 6144
print_info: ssm_d_state           = 128
print_info: ssm_dt_rank           = 48
print_info: ssm_n_group           = 16
print_info: ssm_dt_b_c_rms        = 0
print_info: model type            = 27B
print_info: model params          = 27.32 B
print_info: general.name          = Qwen3.8-27B
print_info: vocab type            = BPE
print_info: n_vocab               = 248320
print_info: n_merges              = 247587
print_info: BOS token             = 248044 '<|endoftext|>'
print_info: EOS token             = 248046 '<|im_end|>'
print_info: EOT token             = 248046 '<|im_end|>'
print_info: PAD token             = 248055 '<|vision_pad|>'
print_info: LF token              = 198 'Ċ'
print_info: FIM PRE token         = 248060 '<|fim_prefix|>'
print_info: FIM SUF token         = 248062 '<|fim_suffix|>'
print_info: FIM MID token         = 248061 '<|fim_middle|>'
print_info: FIM PAD token         = 248063 '<|fim_pad|>'
print_info: FIM REP token         = 248064 '<|repo_name|>'
print_info: FIM SEP token         = 248065 '<|file_sep|>'
print_info: EOG token             = 248044 '<|endoftext|>'
print_info: EOG token             = 248046 '<|im_end|>'
print_info: EOG token             = 248063 '<|fim_pad|>'
print_info: EOG token             = 248064 '<|repo_name|>'
print_info: EOG token             = 248065 '<|file_sep|>'
print_info: max token length      = 256
load_tensors: loading model tensors, this can take a while... (load_mode = mmap)
load_tensors: layer   0 assigned to device CPU, is_swa = 0
load_tensors: layer   1 assigned to device CPU, is_swa = 0
load_tensors: layer   2 assigned to device CPU, is_swa = 0
load_tensors: layer   3 assigned to device CPU, is_swa = 0
load_tensors: layer   4 assigned to device CPU, is_swa = 0
load_tensors: layer   5 assigned to device CPU, is_swa = 0
load_tensors: layer   6 assigned to device CPU, is_swa = 0
load_tensors: layer   7 assigned to device CPU, is_swa = 0
load_tensors: layer   8 assigned to device CPU, is_swa = 0
load_tensors: layer   9 assigned to device CPU, is_swa = 0
load_tensors: layer  10 assigned to device CPU, is_swa = 0
load_tensors: layer  11 assigned to device CPU, is_swa = 0
load_tensors: layer  12 assigned to device CPU, is_swa = 0
load_tensors: layer  13 assigned to device CPU, is_swa = 0
load_tensors: layer  14 assigned to device CPU, is_swa = 0
load_tensors: layer  15 assigned to device CPU, is_swa = 0
load_tensors: layer  16 assigned to device CPU, is_swa = 0
load_tensors: layer  17 assigned to device CPU, is_swa = 0
load_tensors: layer  18 assigned to device CPU, is_swa = 0
load_tensors: layer  19 assigned to device CPU, is_swa = 0
load_tensors: layer  20 assigned to device CPU, is_swa = 0
load_tensors: layer  21 assigned to device CPU, is_swa = 0
load_tensors: layer  22 assigned to device CPU, is_swa = 0
load_tensors: layer  23 assigned to device CPU, is_swa = 0
load_tensors: layer  24 assigned to device CPU, is_swa = 0
load_tensors: layer  25 assigned to device CPU, is_swa = 0
load_tensors: layer  26 assigned to device CPU, is_swa = 0
load_tensors: layer  27 assigned to device CPU, is_swa = 0
load_tensors: layer  28 assigned to device CPU, is_swa = 0
load_tensors: layer  29 assigned to device CPU, is_swa = 0
load_tensors: layer  30 assigned to device CPU, is_swa = 0
load_tensors: layer  31 assigned to device CPU, is_swa = 0
load_tensors: layer  32 assigned to device CPU, is_swa = 0
load_tensors: layer  33 assigned to device CPU, is_swa = 0
load_tensors: layer  34 assigned to device CPU, is_swa = 0
load_tensors: layer  35 assigned to device CPU, is_swa = 0
load_tensors: layer  36 assigned to device CPU, is_swa = 0
load_tensors: layer  37 assigned to device CPU, is_swa = 0
load_tensors: layer  38 assigned to device CPU, is_swa = 0
load_tensors: layer  39 assigned to device CPU, is_swa = 0
load_tensors: layer  40 assigned to device CPU, is_swa = 0
load_tensors: layer  41 assigned to device CPU, is_swa = 0
load_tensors: layer  42 assigned to device CPU, is_swa = 0
load_tensors: layer  43 assigned to device CPU, is_swa = 0
load_tensors: layer  44 assigned to device CPU, is_swa = 0
load_tensors: layer  45 assigned to device CPU, is_swa = 0
load_tensors: layer  46 assigned to device CPU, is_swa = 0
load_tensors: layer  47 assigned to device CPU, is_swa = 0
load_tensors: layer  48 assigned to device CPU, is_swa = 0
load_tensors: layer  49 assigned to device CPU, is_swa = 0
load_tensors: layer  50 assigned to device CPU, is_swa = 0
load_tensors: layer  51 assigned to device CPU, is_swa = 0
load_tensors: layer  52 assigned to device CPU, is_swa = 0
load_tensors: layer  53 assigned to device CPU, is_swa = 0
load_tensors: layer  54 assigned to device CPU, is_swa = 0
load_tensors: layer  55 assigned to device CPU, is_swa = 0
load_tensors: layer  56 assigned to device CPU, is_swa = 0
load_tensors: layer  57 assigned to device CPU, is_swa = 0
load_tensors: layer  58 assigned to device CPU, is_swa = 0
load_tensors: layer  59 assigned to device CPU, is_swa = 0
load_tensors: layer  60 assigned to device CPU, is_swa = 0
load_tensors: layer  61 assigned to device CPU, is_swa = 0
load_tensors: layer  62 assigned to device CPU, is_swa = 0
load_tensors: layer  63 assigned to device CPU, is_swa = 0
load_tensors: layer  64 assigned to device CPU, is_swa = 0
load_tensors: layer  65 assigned to device CPU, is_swa = 0
create_tensor: loading tensor token_embd.weight
create_tensor: loading tensor output_norm.weight
create_tensor: loading tensor output.weight
create_tensor: loading tensor blk.0.attn_norm.weight
create_tensor: loading tensor blk.0.post_attention_norm.weight
create_tensor: loading tensor blk.0.attn_qkv.weight
create_tensor: loading tensor blk.0.attn_gate.weight
create_tensor: loading tensor blk.0.ssm_conv1d.weight
create_tensor: loading tensor blk.0.ssm_dt.bias
create_tensor: loading tensor blk.0.ssm_a
create_tensor: loading tensor blk.0.ssm_beta.weight
create_tensor: loading tensor blk.0.ssm_alpha.weight
create_tensor: loading tensor blk.0.ssm_norm.weight
create_tensor: loading tensor blk.0.ssm_out.weight
create_tensor: loading tensor blk.0.ffn_gate.weight
create_tensor: loading tensor blk.0.ffn_down.weight
create_tensor: loading tensor blk.0.ffn_up.weight
create_tensor: loading tensor blk.1.attn_norm.weight
create_tensor: loading tensor blk.1.post_attention_norm.weight
create_tensor: loading tensor blk.1.attn_qkv.weight
create_tensor: loading tensor blk.1.attn_gate.weight
create_tensor: loading tensor blk.1.ssm_conv1d.weight
create_tensor: loading tensor blk.1.ssm_dt.bias
create_tensor: loading tensor blk.1.ssm_a
create_tensor: loading tensor blk.1.ssm_beta.weight
create_tensor: loading tensor blk.1.ssm_alpha.weight
create_tensor: loading tensor blk.1.ssm_norm.weight
create_tensor: loading tensor blk.1.ssm_out.weight
create_tensor: loading tensor blk.1.ffn_gate.weight
create_tensor: loading tensor blk.1.ffn_down.weight
create_tensor: loading tensor blk.1.ffn_up.weight
create_tensor: loading tensor blk.2.attn_norm.weight
create_tensor: loading tensor blk.2.post_attention_norm.weight
create_tensor: loading tensor blk.2.attn_qkv.weight
create_tensor: loading tensor blk.2.attn_gate.weight
create_tensor: loading tensor blk.2.ssm_conv1d.weight
create_tensor: loading tensor blk.2.ssm_dt.bias
create_tensor: loading tensor blk.2.ssm_a
create_tensor: loading tensor blk.2.ssm_beta.weight
create_tensor: loading tensor blk.2.ssm_alpha.weight
create_tensor: loading tensor blk.2.ssm_norm.weight
create_tensor: loading tensor blk.2.ssm_out.weight
create_tensor: loading tensor blk.2.ffn_gate.weight
create_tensor: loading tensor blk.2.ffn_down.weight
create_tensor: loading tensor blk.2.ffn_up.weight
create_tensor: loading tensor blk.3.attn_norm.weight
create_tensor: loading tensor blk.3.post_attention_norm.weight
create_tensor: loading tensor blk.3.attn_qkv.weight
create_tensor: loading tensor blk.3.attn_q.weight
create_tensor: loading tensor blk.3.attn_k.weight
create_tensor: loading tensor blk.3.attn_v.weight
create_tensor: loading tensor blk.3.attn_q.bias
create_tensor: loading tensor blk.3.attn_k.bias
create_tensor: loading tensor blk.3.attn_v.bias
create_tensor: loading tensor blk.3.attn_output.weight
create_tensor: loading tensor blk.3.attn_q_norm.weight
create_tensor: loading tensor blk.3.attn_k_norm.weight
create_tensor: loading tensor blk.3.ffn_gate.weight
create_tensor: loading tensor blk.3.ffn_down.weight
create_tensor: loading tensor blk.3.ffn_up.weight
create_tensor: loading tensor blk.4.attn_norm.weight
create_tensor: loading tensor blk.4.post_attention_norm.weight
create_tensor: loading tensor blk.4.attn_qkv.weight
create_tensor: loading tensor blk.4.attn_gate.weight
create_tensor: loading tensor blk.4.ssm_conv1d.weight
create_tensor: loading tensor blk.4.ssm_dt.bias
create_tensor: loading tensor blk.4.ssm_a
create_tensor: loading tensor blk.4.ssm_beta.weight
create_tensor: loading tensor blk.4.ssm_alpha.weight
create_tensor: loading tensor blk.4.ssm_norm.weight
create_tensor: loading tensor blk.4.ssm_out.weight
create_tensor: loading tensor blk.4.ffn_gate.weight
create_tensor: loading tensor blk.4.ffn_down.weight
create_tensor: loading tensor blk.4.ffn_up.weight
create_tensor: loading tensor blk.5.attn_norm.weight
create_tensor: loading tensor blk.5.post_attention_norm.weight
create_tensor: loading tensor blk.5.attn_qkv.weight
create_tensor: loading tensor blk.5.attn_gate.weight
create_tensor: loading tensor blk.5.ssm_conv1d.weight
create_tensor: loading tensor blk.5.ssm_dt.bias
create_tensor: loading tensor blk.5.ssm_a
create_tensor: loading tensor blk.5.ssm_beta.weight
create_tensor: loading tensor blk.5.ssm_alpha.weight
create_tensor: loading tensor blk.5.ssm_norm.weight
create_tensor: loading tensor blk.5.ssm_out.weight
create_tensor: loading tensor blk.5.ffn_gate.weight
create_tensor: loading tensor blk.5.ffn_down.weight
create_tensor: loading tensor blk.5.ffn_up.weight
create_tensor: loading tensor blk.6.attn_norm.weight
create_tensor: loading tensor blk.6.post_attention_norm.weight
create_tensor: loading tensor blk.6.attn_qkv.weight
create_tensor: loading tensor blk.6.attn_gate.weight
create_tensor: loading tensor blk.6.ssm_conv1d.weight
create_tensor: loading tensor blk.6.ssm_dt.bias
create_tensor: loading tensor blk.6.ssm_a
create_tensor: loading tensor blk.6.ssm_beta.weight
create_tensor: loading tensor blk.6.ssm_alpha.weight
create_tensor: loading tensor blk.6.ssm_norm.weight
create_tensor: loading tensor blk.6.ssm_out.weight
create_tensor: loading tensor blk.6.ffn_gate.weight
create_tensor: loading tensor blk.6.ffn_down.weight
create_tensor: loading tensor blk.6.ffn_up.weight
create_tensor: loading tensor blk.7.attn_norm.weight
create_tensor: loading tensor blk.7.post_attention_norm.weight
create_tensor: loading tensor blk.7.attn_qkv.weight
create_tensor: loading tensor blk.7.attn_q.weight
create_tensor: loading tensor blk.7.attn_k.weight
create_tensor: loading tensor blk.7.attn_v.weight
create_tensor: loading tensor blk.7.attn_q.bias
create_tensor: loading tensor blk.7.attn_k.bias
create_tensor: loading tensor blk.7.attn_v.bias
create_tensor: loading tensor blk.7.attn_output.weight
create_tensor: loading tensor blk.7.attn_q_norm.weight
create_tensor: loading tensor blk.7.attn_k_norm.weight
create_tensor: loading tensor blk.7.ffn_gate.weight
create_tensor: loading tensor blk.7.ffn_down.weight
create_tensor: loading tensor blk.7.ffn_up.weight
create_tensor: loading tensor blk.8.attn_norm.weight
create_tensor: loading tensor blk.8.post_attention_norm.weight
create_tensor: loading tensor blk.8.attn_qkv.weight
create_tensor: loading tensor blk.8.attn_gate.weight
create_tensor: loading tensor blk.8.ssm_conv1d.weight
create_tensor: loading tensor blk.8.ssm_dt.bias
create_tensor: loading tensor blk.8.ssm_a
create_tensor: loading tensor blk.8.ssm_beta.weight
create_tensor: loading tensor blk.8.ssm_alpha.weight
create_tensor: loading tensor blk.8.ssm_norm.weight
create_tensor: loading tensor blk.8.ssm_out.weight
create_tensor: loading tensor blk.8.ffn_gate.weight
create_tensor: loading tensor blk.8.ffn_down.weight
create_tensor: loading tensor blk.8.ffn_up.weight
create_tensor: loading tensor blk.9.attn_norm.weight
create_tensor: loading tensor blk.9.post_attention_norm.weight
create_tensor: loading tensor blk.9.attn_qkv.weight
create_tensor: loading tensor blk.9.attn_gate.weight
create_tensor: loading tensor blk.9.ssm_conv1d.weight
create_tensor: loading tensor blk.9.ssm_dt.bias
create_tensor: loading tensor blk.9.ssm_a
create_tensor: loading tensor blk.9.ssm_beta.weight
create_tensor: loading tensor blk.9.ssm_alpha.weight
create_tensor: loading tensor blk.9.ssm_norm.weight
create_tensor: loading tensor blk.9.ssm_out.weight
create_tensor: loading tensor blk.9.ffn_gate.weight
create_tensor: loading tensor blk.9.ffn_down.weight
create_tensor: loading tensor blk.9.ffn_up.weight
create_tensor: loading tensor blk.10.attn_norm.weight
create_tensor: loading tensor blk.10.post_attention_norm.weight
create_tensor: loading tensor blk.10.attn_qkv.weight
create_tensor: loading tensor blk.10.attn_gate.weight
create_tensor: loading tensor blk.10.ssm_conv1d.weight
create_tensor: loading tensor blk.10.ssm_dt.bias
create_tensor: loading tensor blk.10.ssm_a
create_tensor: loading tensor blk.10.ssm_beta.weight
create_tensor: loading tensor blk.10.ssm_alpha.weight
create_tensor: loading tensor blk.10.ssm_norm.weight
create_tensor: loading tensor blk.10.ssm_out.weight
create_tensor: loading tensor blk.10.ffn_gate.weight
create_tensor: loading tensor blk.10.ffn_down.weight
create_tensor: loading tensor blk.10.ffn_up.weight
create_tensor: loading tensor blk.11.attn_norm.weight
create_tensor: loading tensor blk.11.post_attention_norm.weight
create_tensor: loading tensor blk.11.attn_qkv.weight
create_tensor: loading tensor blk.11.attn_q.weight
create_tensor: loading tensor blk.11.attn_k.weight
create_tensor: loading tensor blk.11.attn_v.weight
create_tensor: loading tensor blk.11.attn_q.bias
create_tensor: loading tensor blk.11.attn_k.bias
create_tensor: loading tensor blk.11.attn_v.bias
create_tensor: loading tensor blk.11.attn_output.weight
create_tensor: loading tensor blk.11.attn_q_norm.weight
create_tensor: loading tensor blk.11.attn_k_norm.weight
create_tensor: loading tensor blk.11.ffn_gate.weight
create_tensor: loading tensor blk.11.ffn_down.weight
create_tensor: loading tensor blk.11.ffn_up.weight
create_tensor: loading tensor blk.12.attn_norm.weight
create_tensor: loading tensor blk.12.post_attention_norm.weight
create_tensor: loading tensor blk.12.attn_qkv.weight
create_tensor: loading tensor blk.12.attn_gate.weight
create_tensor: loading tensor blk.12.ssm_conv1d.weight
create_tensor: loading tensor blk.12.ssm_dt.bias
create_tensor: loading tensor blk.12.ssm_a
create_tensor: loading tensor blk.12.ssm_beta.weight
create_tensor: loading tensor blk.12.ssm_alpha.weight
create_tensor: loading tensor blk.12.ssm_norm.weight
create_tensor: loading tensor blk.12.ssm_out.weight
create_tensor: loading tensor blk.12.ffn_gate.weight
create_tensor: loading tensor blk.12.ffn_down.weight
create_tensor: loading tensor blk.12.ffn_up.weight
create_tensor: loading tensor blk.13.attn_norm.weight
create_tensor: loading tensor blk.13.post_attention_norm.weight
create_tensor: loading tensor blk.13.attn_qkv.weight
create_tensor: loading tensor blk.13.attn_gate.weight
create_tensor: loading tensor blk.13.ssm_conv1d.weight
create_tensor: loading tensor blk.13.ssm_dt.bias
create_tensor: loading tensor blk.13.ssm_a
create_tensor: loading tensor blk.13.ssm_beta.weight
create_tensor: loading tensor blk.13.ssm_alpha.weight
create_tensor: loading tensor blk.13.ssm_norm.weight
create_tensor: loading tensor blk.13.ssm_out.weight
create_tensor: loading tensor blk.13.ffn_gate.weight
create_tensor: loading tensor blk.13.ffn_down.weight
create_tensor: loading tensor blk.13.ffn_up.weight
create_tensor: loading tensor blk.14.attn_norm.weight
create_tensor: loading tensor blk.14.post_attention_norm.weight
create_tensor: loading tensor blk.14.attn_qkv.weight
create_tensor: loading tensor blk.14.attn_gate.weight
create_tensor: loading tensor blk.14.ssm_conv1d.weight
create_tensor: loading tensor blk.14.ssm_dt.bias
create_tensor: loading tensor blk.14.ssm_a
create_tensor: loading tensor blk.14.ssm_beta.weight
create_tensor: loading tensor blk.14.ssm_alpha.weight
create_tensor: loading tensor blk.14.ssm_norm.weight
create_tensor: loading tensor blk.14.ssm_out.weight
create_tensor: loading tensor blk.14.ffn_gate.weight
create_tensor: loading tensor blk.14.ffn_down.weight
create_tensor: loading tensor blk.14.ffn_up.weight
create_tensor: loading tensor blk.15.attn_norm.weight
create_tensor: loading tensor blk.15.post_attention_norm.weight
create_tensor: loading tensor blk.15.attn_qkv.weight
create_tensor: loading tensor blk.15.attn_q.weight
create_tensor: loading tensor blk.15.attn_k.weight
create_tensor: loading tensor blk.15.attn_v.weight
create_tensor: loading tensor blk.15.attn_q.bias
create_tensor: loading tensor blk.15.attn_k.bias
create_tensor: loading tensor blk.15.attn_v.bias
create_tensor: loading tensor blk.15.attn_output.weight
create_tensor: loading tensor blk.15.attn_q_norm.weight
create_tensor: loading tensor blk.15.attn_k_norm.weight
create_tensor: loading tensor blk.15.ffn_gate.weight
create_tensor: loading tensor blk.15.ffn_down.weight
create_tensor: loading tensor blk.15.ffn_up.weight
create_tensor: loading tensor blk.16.attn_norm.weight
create_tensor: loading tensor blk.16.post_attention_norm.weight
create_tensor: loading tensor blk.16.attn_qkv.weight
create_tensor: loading tensor blk.16.attn_gate.weight
create_tensor: loading tensor blk.16.ssm_conv1d.weight
create_tensor: loading tensor blk.16.ssm_dt.bias
create_tensor: loading tensor blk.16.ssm_a
create_tensor: loading tensor blk.16.ssm_beta.weight
create_tensor: loading tensor blk.16.ssm_alpha.weight
create_tensor: loading tensor blk.16.ssm_norm.weight
create_tensor: loading tensor blk.16.ssm_out.weight
create_tensor: loading tensor blk.16.ffn_gate.weight
create_tensor: loading tensor blk.16.ffn_down.weight
create_tensor: loading tensor blk.16.ffn_up.weight
create_tensor: loading tensor blk.17.attn_norm.weight
create_tensor: loading tensor blk.17.post_attention_norm.weight
create_tensor: loading tensor blk.17.attn_qkv.weight
create_tensor: loading tensor blk.17.attn_gate.weight
create_tensor: loading tensor blk.17.ssm_conv1d.weight
create_tensor: loading tensor blk.17.ssm_dt.bias
create_tensor: loading tensor blk.17.ssm_a
create_tensor: loading tensor blk.17.ssm_beta.weight
create_tensor: loading tensor blk.17.ssm_alpha.weight
create_tensor: loading tensor blk.17.ssm_norm.weight
create_tensor: loading tensor blk.17.ssm_out.weight
create_tensor: loading tensor blk.17.ffn_gate.weight
create_tensor: loading tensor blk.17.ffn_down.weight
create_tensor: loading tensor blk.17.ffn_up.weight
create_tensor: loading tensor blk.18.attn_norm.weight
create_tensor: loading tensor blk.18.post_attention_norm.weight
create_tensor: loading tensor blk.18.attn_qkv.weight
create_tensor: loading tensor blk.18.attn_gate.weight
create_tensor: loading tensor blk.18.ssm_conv1d.weight
create_tensor: loading tensor blk.18.ssm_dt.bias
create_tensor: loading tensor blk.18.ssm_a
create_tensor: loading tensor blk.18.ssm_beta.weight
create_tensor: loading tensor blk.18.ssm_alpha.weight
create_tensor: loading tensor blk.18.ssm_norm.weight
create_tensor: loading tensor blk.18.ssm_out.weight
create_tensor: loading tensor blk.18.ffn_gate.weight
create_tensor: loading tensor blk.18.ffn_down.weight
create_tensor: loading tensor blk.18.ffn_up.weight
create_tensor: loading tensor blk.19.attn_norm.weight
create_tensor: loading tensor blk.19.post_attention_norm.weight
create_tensor: loading tensor blk.19.attn_qkv.weight
create_tensor: loading tensor blk.19.attn_q.weight
create_tensor: loading tensor blk.19.attn_k.weight
create_tensor: loading tensor blk.19.attn_v.weight
create_tensor: loading tensor blk.19.attn_q.bias
create_tensor: loading tensor blk.19.attn_k.bias
create_tensor: loading tensor blk.19.attn_v.bias
create_tensor: loading tensor blk.19.attn_output.weight
create_tensor: loading tensor blk.19.attn_q_norm.weight
create_tensor: loading tensor blk.19.attn_k_norm.weight
create_tensor: loading tensor blk.19.ffn_gate.weight
create_tensor: loading tensor blk.19.ffn_down.weight
create_tensor: loading tensor blk.19.ffn_up.weight
create_tensor: loading tensor blk.20.attn_norm.weight
create_tensor: loading tensor blk.20.post_attention_norm.weight
create_tensor: loading tensor blk.20.attn_qkv.weight
create_tensor: loading tensor blk.20.attn_gate.weight
create_tensor: loading tensor blk.20.ssm_conv1d.weight
create_tensor: loading tensor blk.20.ssm_dt.bias
create_tensor: loading tensor blk.20.ssm_a
create_tensor: loading tensor blk.20.ssm_beta.weight
create_tensor: loading tensor blk.20.ssm_alpha.weight
create_tensor: loading tensor blk.20.ssm_norm.weight
create_tensor: loading tensor blk.20.ssm_out.weight
create_tensor: loading tensor blk.20.ffn_gate.weight
create_tensor: loading tensor blk.20.ffn_down.weight
create_tensor: loading tensor blk.20.ffn_up.weight
create_tensor: loading tensor blk.21.attn_norm.weight
create_tensor: loading tensor blk.21.post_attention_norm.weight
create_tensor: loading tensor blk.21.attn_qkv.weight
create_tensor: loading tensor blk.21.attn_gate.weight
create_tensor: loading tensor blk.21.ssm_conv1d.weight
create_tensor: loading tensor blk.21.ssm_dt.bias
create_tensor: loading tensor blk.21.ssm_a
create_tensor: loading tensor blk.21.ssm_beta.weight
create_tensor: loading tensor blk.21.ssm_alpha.weight
create_tensor: loading tensor blk.21.ssm_norm.weight
create_tensor: loading tensor blk.21.ssm_out.weight
create_tensor: loading tensor blk.21.ffn_gate.weight
create_tensor: loading tensor blk.21.ffn_down.weight
create_tensor: loading tensor blk.21.ffn_up.weight
create_tensor: loading tensor blk.22.attn_norm.weight
create_tensor: loading tensor blk.22.post_attention_norm.weight
create_tensor: loading tensor blk.22.attn_qkv.weight
create_tensor: loading tensor blk.22.attn_gate.weight
create_tensor: loading tensor blk.22.ssm_conv1d.weight
create_tensor: loading tensor blk.22.ssm_dt.bias
create_tensor: loading tensor blk.22.ssm_a
create_tensor: loading tensor blk.22.ssm_beta.weight
create_tensor: loading tensor blk.22.ssm_alpha.weight
create_tensor: loading tensor blk.22.ssm_norm.weight
create_tensor: loading tensor blk.22.ssm_out.weight
create_tensor: loading tensor blk.22.ffn_gate.weight
create_tensor: loading tensor blk.22.ffn_down.weight
create_tensor: loading tensor blk.22.ffn_up.weight
create_tensor: loading tensor blk.23.attn_norm.weight
create_tensor: loading tensor blk.23.post_attention_norm.weight
create_tensor: loading tensor blk.23.attn_qkv.weight
create_tensor: loading tensor blk.23.attn_q.weight
create_tensor: loading tensor blk.23.attn_k.weight
create_tensor: loading tensor blk.23.attn_v.weight
create_tensor: loading tensor blk.23.attn_q.bias
create_tensor: loading tensor blk.23.attn_k.bias
create_tensor: loading tensor blk.23.attn_v.bias
create_tensor: loading tensor blk.23.attn_output.weight
create_tensor: loading tensor blk.23.attn_q_norm.weight
create_tensor: loading tensor blk.23.attn_k_norm.weight
create_tensor: loading tensor blk.23.ffn_gate.weight
create_tensor: loading tensor blk.23.ffn_down.weight
create_tensor: loading tensor blk.23.ffn_up.weight
create_tensor: loading tensor blk.24.attn_norm.weight
create_tensor: loading tensor blk.24.post_attention_norm.weight
create_tensor: loading tensor blk.24.attn_qkv.weight
create_tensor: loading tensor blk.24.attn_gate.weight
create_tensor: loading tensor blk.24.ssm_conv1d.weight
create_tensor: loading tensor blk.24.ssm_dt.bias
create_tensor: loading tensor blk.24.ssm_a
create_tensor: loading tensor blk.24.ssm_beta.weight
create_tensor: loading tensor blk.24.ssm_alpha.weight
create_tensor: loading tensor blk.24.ssm_norm.weight
create_tensor: loading tensor blk.24.ssm_out.weight
create_tensor: loading tensor blk.24.ffn_gate.weight
create_tensor: loading tensor blk.24.ffn_down.weight
create_tensor: loading tensor blk.24.ffn_up.weight
create_tensor: loading tensor blk.25.attn_norm.weight
create_tensor: loading tensor blk.25.post_attention_norm.weight
create_tensor: loading tensor blk.25.attn_qkv.weight
create_tensor: loading tensor blk.25.attn_gate.weight
create_tensor: loading tensor blk.25.ssm_conv1d.weight
create_tensor: loading tensor blk.25.ssm_dt.bias
create_tensor: loading tensor blk.25.ssm_a
create_tensor: loading tensor blk.25.ssm_beta.weight
create_tensor: loading tensor blk.25.ssm_alpha.weight
create_tensor: loading tensor blk.25.ssm_norm.weight
create_tensor: loading tensor blk.25.ssm_out.weight
create_tensor: loading tensor blk.25.ffn_gate.weight
create_tensor: loading tensor blk.25.ffn_down.weight
create_tensor: loading tensor blk.25.ffn_up.weight
create_tensor: loading tensor blk.26.attn_norm.weight
create_tensor: loading tensor blk.26.post_attention_norm.weight
create_tensor: loading tensor blk.26.attn_qkv.weight
create_tensor: loading tensor blk.26.attn_gate.weight
create_tensor: loading tensor blk.26.ssm_conv1d.weight
create_tensor: loading tensor blk.26.ssm_dt.bias
create_tensor: loading tensor blk.26.ssm_a
create_tensor: loading tensor blk.26.ssm_beta.weight
create_tensor: loading tensor blk.26.ssm_alpha.weight
create_tensor: loading tensor blk.26.ssm_norm.weight
create_tensor: loading tensor blk.26.ssm_out.weight
create_tensor: loading tensor blk.26.ffn_gate.weight
create_tensor: loading tensor blk.26.ffn_down.weight
create_tensor: loading tensor blk.26.ffn_up.weight
create_tensor: loading tensor blk.27.attn_norm.weight
create_tensor: loading tensor blk.27.post_attention_norm.weight
create_tensor: loading tensor blk.27.attn_qkv.weight
create_tensor: loading tensor blk.27.attn_q.weight
create_tensor: loading tensor blk.27.attn_k.weight
create_tensor: loading tensor blk.27.attn_v.weight
create_tensor: loading tensor blk.27.attn_q.bias
create_tensor: loading tensor blk.27.attn_k.bias
create_tensor: loading tensor blk.27.attn_v.bias
create_tensor: loading tensor blk.27.attn_output.weight
create_tensor: loading tensor blk.27.attn_q_norm.weight
create_tensor: loading tensor blk.27.attn_k_norm.weight
create_tensor: loading tensor blk.27.ffn_gate.weight
create_tensor: loading tensor blk.27.ffn_down.weight
create_tensor: loading tensor blk.27.ffn_up.weight
create_tensor: loading tensor blk.28.attn_norm.weight
create_tensor: loading tensor blk.28.post_attention_norm.weight
create_tensor: loading tensor blk.28.attn_qkv.weight
create_tensor: loading tensor blk.28.attn_gate.weight
create_tensor: loading tensor blk.28.ssm_conv1d.weight
create_tensor: loading tensor blk.28.ssm_dt.bias
create_tensor: loading tensor blk.28.ssm_a
create_tensor: loading tensor blk.28.ssm_beta.weight
create_tensor: loading tensor blk.28.ssm_alpha.weight
create_tensor: loading tensor blk.28.ssm_norm.weight
create_tensor: loading tensor blk.28.ssm_out.weight
create_tensor: loading tensor blk.28.ffn_gate.weight
create_tensor: loading tensor blk.28.ffn_down.weight
create_tensor: loading tensor blk.28.ffn_up.weight
create_tensor: loading tensor blk.29.attn_norm.weight
create_tensor: loading tensor blk.29.post_attention_norm.weight
create_tensor: loading tensor blk.29.attn_qkv.weight
create_tensor: loading tensor blk.29.attn_gate.weight
create_tensor: loading tensor blk.29.ssm_conv1d.weight
create_tensor: loading tensor blk.29.ssm_dt.bias
create_tensor: loading tensor blk.29.ssm_a
create_tensor: loading tensor blk.29.ssm_beta.weight
create_tensor: loading tensor blk.29.ssm_alpha.weight
create_tensor: loading tensor blk.29.ssm_norm.weight
create_tensor: loading tensor blk.29.ssm_out.weight
create_tensor: loading tensor blk.29.ffn_gate.weight
create_tensor: loading tensor blk.29.ffn_down.weight
create_tensor: loading tensor blk.29.ffn_up.weight
create_tensor: loading tensor blk.30.attn_norm.weight
create_tensor: loading tensor blk.30.post_attention_norm.weight
create_tensor: loading tensor blk.30.attn_qkv.weight
create_tensor: loading tensor blk.30.attn_gate.weight
create_tensor: loading tensor blk.30.ssm_conv1d.weight
create_tensor: loading tensor blk.30.ssm_dt.bias
create_tensor: loading tensor blk.30.ssm_a
create_tensor: loading tensor blk.30.ssm_beta.weight
create_tensor: loading tensor blk.30.ssm_alpha.weight
create_tensor: loading tensor blk.30.ssm_norm.weight
create_tensor: loading tensor blk.30.ssm_out.weight
create_tensor: loading tensor blk.30.ffn_gate.weight
create_tensor: loading tensor blk.30.ffn_down.weight
create_tensor: loading tensor blk.30.ffn_up.weight
create_tensor: loading tensor blk.31.attn_norm.weight
create_tensor: loading tensor blk.31.post_attention_norm.weight
create_tensor: loading tensor blk.31.attn_qkv.weight
create_tensor: loading tensor blk.31.attn_q.weight
create_tensor: loading tensor blk.31.attn_k.weight
create_tensor: loading tensor blk.31.attn_v.weight
create_tensor: loading tensor blk.31.attn_q.bias
create_tensor: loading tensor blk.31.attn_k.bias
create_tensor: loading tensor blk.31.attn_v.bias
create_tensor: loading tensor blk.31.attn_output.weight
create_tensor: loading tensor blk.31.attn_q_norm.weight
create_tensor: loading tensor blk.31.attn_k_norm.weight
create_tensor: loading tensor blk.31.ffn_gate.weight
create_tensor: loading tensor blk.31.ffn_down.weight
create_tensor: loading tensor blk.31.ffn_up.weight
create_tensor: loading tensor blk.32.attn_norm.weight
create_tensor: loading tensor blk.32.post_attention_norm.weight
create_tensor: loading tensor blk.32.attn_qkv.weight
create_tensor: loading tensor blk.32.attn_gate.weight
create_tensor: loading tensor blk.32.ssm_conv1d.weight
create_tensor: loading tensor blk.32.ssm_dt.bias
create_tensor: loading tensor blk.32.ssm_a
create_tensor: loading tensor blk.32.ssm_beta.weight
create_tensor: loading tensor blk.32.ssm_alpha.weight
create_tensor: loading tensor blk.32.ssm_norm.weight
create_tensor: loading tensor blk.32.ssm_out.weight
create_tensor: loading tensor blk.32.ffn_gate.weight
create_tensor: loading tensor blk.32.ffn_down.weight
create_tensor: loading tensor blk.32.ffn_up.weight
create_tensor: loading tensor blk.33.attn_norm.weight
create_tensor: loading tensor blk.33.post_attention_norm.weight
create_tensor: loading tensor blk.33.attn_qkv.weight
create_tensor: loading tensor blk.33.attn_gate.weight
create_tensor: loading tensor blk.33.ssm_conv1d.weight
create_tensor: loading tensor blk.33.ssm_dt.bias
create_tensor: loading tensor blk.33.ssm_a
create_tensor: loading tensor blk.33.ssm_beta.weight
create_tensor: loading tensor blk.33.ssm_alpha.weight
create_tensor: loading tensor blk.33.ssm_norm.weight
create_tensor: loading tensor blk.33.ssm_out.weight
create_tensor: loading tensor blk.33.ffn_gate.weight
create_tensor: loading tensor blk.33.ffn_down.weight
create_tensor: loading tensor blk.33.ffn_up.weight
create_tensor: loading tensor blk.34.attn_norm.weight
create_tensor: loading tensor blk.34.post_attention_norm.weight
create_tensor: loading tensor blk.34.attn_qkv.weight
create_tensor: loading tensor blk.34.attn_gate.weight
create_tensor: loading tensor blk.34.ssm_conv1d.weight
create_tensor: loading tensor blk.34.ssm_dt.bias
create_tensor: loading tensor blk.34.ssm_a
create_tensor: loading tensor blk.34.ssm_beta.weight
create_tensor: loading tensor blk.34.ssm_alpha.weight
create_tensor: loading tensor blk.34.ssm_norm.weight
create_tensor: loading tensor blk.34.ssm_out.weight
create_tensor: loading tensor blk.34.ffn_gate.weight
create_tensor: loading tensor blk.34.ffn_down.weight
create_tensor: loading tensor blk.34.ffn_up.weight
create_tensor: loading tensor blk.35.attn_norm.weight
create_tensor: loading tensor blk.35.post_attention_norm.weight
create_tensor: loading tensor blk.35.attn_qkv.weight
create_tensor: loading tensor blk.35.attn_q.weight
create_tensor: loading tensor blk.35.attn_k.weight
create_tensor: loading tensor blk.35.attn_v.weight
create_tensor: loading tensor blk.35.attn_q.bias
create_tensor: loading tensor blk.35.attn_k.bias
create_tensor: loading tensor blk.35.attn_v.bias
create_tensor: loading tensor blk.35.attn_output.weight
create_tensor: loading tensor blk.35.attn_q_norm.weight
create_tensor: loading tensor blk.35.attn_k_norm.weight
create_tensor: loading tensor blk.35.ffn_gate.weight
create_tensor: loading tensor blk.35.ffn_down.weight
create_tensor: loading tensor blk.35.ffn_up.weight
create_tensor: loading tensor blk.36.attn_norm.weight
create_tensor: loading tensor blk.36.post_attention_norm.weight
create_tensor: loading tensor blk.36.attn_qkv.weight
create_tensor: loading tensor blk.36.attn_gate.weight
create_tensor: loading tensor blk.36.ssm_conv1d.weight
create_tensor: loading tensor blk.36.ssm_dt.bias
create_tensor: loading tensor blk.36.ssm_a
create_tensor: loading tensor blk.36.ssm_beta.weight
create_tensor: loading tensor blk.36.ssm_alpha.weight
create_tensor: loading tensor blk.36.ssm_norm.weight
create_tensor: loading tensor blk.36.ssm_out.weight
create_tensor: loading tensor blk.36.ffn_gate.weight
create_tensor: loading tensor blk.36.ffn_down.weight
create_tensor: loading tensor blk.36.ffn_up.weight
create_tensor: loading tensor blk.37.attn_norm.weight
create_tensor: loading tensor blk.37.post_attention_norm.weight
create_tensor: loading tensor blk.37.attn_qkv.weight
create_tensor: loading tensor blk.37.attn_gate.weight
create_tensor: loading tensor blk.37.ssm_conv1d.weight
create_tensor: loading tensor blk.37.ssm_dt.bias
create_tensor: loading tensor blk.37.ssm_a
create_tensor: loading tensor blk.37.ssm_beta.weight
create_tensor: loading tensor blk.37.ssm_alpha.weight
create_tensor: loading tensor blk.37.ssm_norm.weight
create_tensor: loading tensor blk.37.ssm_out.weight
create_tensor: loading tensor blk.37.ffn_gate.weight
create_tensor: loading tensor blk.37.ffn_down.weight
create_tensor: loading tensor blk.37.ffn_up.weight
create_tensor: loading tensor blk.38.attn_norm.weight
create_tensor: loading tensor blk.38.post_attention_norm.weight
create_tensor: loading tensor blk.38.attn_qkv.weight
create_tensor: loading tensor blk.38.attn_gate.weight
create_tensor: loading tensor blk.38.ssm_conv1d.weight
create_tensor: loading tensor blk.38.ssm_dt.bias
create_tensor: loading tensor blk.38.ssm_a
create_tensor: loading tensor blk.38.ssm_beta.weight
create_tensor: loading tensor blk.38.ssm_alpha.weight
create_tensor: loading tensor blk.38.ssm_norm.weight
create_tensor: loading tensor blk.38.ssm_out.weight
create_tensor: loading tensor blk.38.ffn_gate.weight
create_tensor: loading tensor blk.38.ffn_down.weight
create_tensor: loading tensor blk.38.ffn_up.weight
create_tensor: loading tensor blk.39.attn_norm.weight
create_tensor: loading tensor blk.39.post_attention_norm.weight
create_tensor: loading tensor blk.39.attn_qkv.weight
create_tensor: loading tensor blk.39.attn_q.weight
create_tensor: loading tensor blk.39.attn_k.weight
create_tensor: loading tensor blk.39.attn_v.weight
create_tensor: loading tensor blk.39.attn_q.bias
create_tensor: loading tensor blk.39.attn_k.bias
create_tensor: loading tensor blk.39.attn_v.bias
create_tensor: loading tensor blk.39.attn_output.weight
create_tensor: loading tensor blk.39.attn_q_norm.weight
create_tensor: loading tensor blk.39.attn_k_norm.weight
create_tensor: loading tensor blk.39.ffn_gate.weight
create_tensor: loading tensor blk.39.ffn_down.weight
create_tensor: loading tensor blk.39.ffn_up.weight
create_tensor: loading tensor blk.40.attn_norm.weight
create_tensor: loading tensor blk.40.post_attention_norm.weight
create_tensor: loading tensor blk.40.attn_qkv.weight
create_tensor: loading tensor blk.40.attn_gate.weight
create_tensor: loading tensor blk.40.ssm_conv1d.weight
create_tensor: loading tensor blk.40.ssm_dt.bias
create_tensor: loading tensor blk.40.ssm_a
create_tensor: loading tensor blk.40.ssm_beta.weight
create_tensor: loading tensor blk.40.ssm_alpha.weight
create_tensor: loading tensor blk.40.ssm_norm.weight
create_tensor: loading tensor blk.40.ssm_out.weight
create_tensor: loading tensor blk.40.ffn_gate.weight
create_tensor: loading tensor blk.40.ffn_down.weight
create_tensor: loading tensor blk.40.ffn_up.weight
create_tensor: loading tensor blk.41.attn_norm.weight
create_tensor: loading tensor blk.41.post_attention_norm.weight
create_tensor: loading tensor blk.41.attn_qkv.weight
create_tensor: loading tensor blk.41.attn_gate.weight
create_tensor: loading tensor blk.41.ssm_conv1d.weight
create_tensor: loading tensor blk.41.ssm_dt.bias
create_tensor: loading tensor blk.41.ssm_a
create_tensor: loading tensor blk.41.ssm_beta.weight
create_tensor: loading tensor blk.41.ssm_alpha.weight
create_tensor: loading tensor blk.41.ssm_norm.weight
create_tensor: loading tensor blk.41.ssm_out.weight
create_tensor: loading tensor blk.41.ffn_gate.weight
create_tensor: loading tensor blk.41.ffn_down.weight
create_tensor: loading tensor blk.41.ffn_up.weight
create_tensor: loading tensor blk.42.attn_norm.weight
create_tensor: loading tensor blk.42.post_attention_norm.weight
create_tensor: loading tensor blk.42.attn_qkv.weight
create_tensor: loading tensor blk.42.attn_gate.weight
create_tensor: loading tensor blk.42.ssm_conv1d.weight
create_tensor: loading tensor blk.42.ssm_dt.bias
create_tensor: loading tensor blk.42.ssm_a
create_tensor: loading tensor blk.42.ssm_beta.weight
create_tensor: loading tensor blk.42.ssm_alpha.weight
create_tensor: loading tensor blk.42.ssm_norm.weight
create_tensor: loading tensor blk.42.ssm_out.weight
create_tensor: loading tensor blk.42.ffn_gate.weight
create_tensor: loading tensor blk.42.ffn_down.weight
create_tensor: loading tensor blk.42.ffn_up.weight
create_tensor: loading tensor blk.43.attn_norm.weight
create_tensor: loading tensor blk.43.post_attention_norm.weight
create_tensor: loading tensor blk.43.attn_qkv.weight
create_tensor: loading tensor blk.43.attn_q.weight
create_tensor: loading tensor blk.43.attn_k.weight
create_tensor: loading tensor blk.43.attn_v.weight
create_tensor: loading tensor blk.43.attn_q.bias
create_tensor: loading tensor blk.43.attn_k.bias
create_tensor: loading tensor blk.43.attn_v.bias
create_tensor: loading tensor blk.43.attn_output.weight
create_tensor: loading tensor blk.43.attn_q_norm.weight
create_tensor: loading tensor blk.43.attn_k_norm.weight
create_tensor: loading tensor blk.43.ffn_gate.weight
create_tensor: loading tensor blk.43.ffn_down.weight
create_tensor: loading tensor blk.43.ffn_up.weight
create_tensor: loading tensor blk.44.attn_norm.weight
create_tensor: loading tensor blk.44.post_attention_norm.weight
create_tensor: loading tensor blk.44.attn_qkv.weight
create_tensor: loading tensor blk.44.attn_gate.weight
create_tensor: loading tensor blk.44.ssm_conv1d.weight
create_tensor: loading tensor blk.44.ssm_dt.bias
create_tensor: loading tensor blk.44.ssm_a
create_tensor: loading tensor blk.44.ssm_beta.weight
create_tensor: loading tensor blk.44.ssm_alpha.weight
create_tensor: loading tensor blk.44.ssm_norm.weight
create_tensor: loading tensor blk.44.ssm_out.weight
create_tensor: loading tensor blk.44.ffn_gate.weight
create_tensor: loading tensor blk.44.ffn_down.weight
create_tensor: loading tensor blk.44.ffn_up.weight
create_tensor: loading tensor blk.45.attn_norm.weight
create_tensor: loading tensor blk.45.post_attention_norm.weight
create_tensor: loading tensor blk.45.attn_qkv.weight
create_tensor: loading tensor blk.45.attn_gate.weight
create_tensor: loading tensor blk.45.ssm_conv1d.weight
create_tensor: loading tensor blk.45.ssm_dt.bias
create_tensor: loading tensor blk.45.ssm_a
create_tensor: loading tensor blk.45.ssm_beta.weight
create_tensor: loading tensor blk.45.ssm_alpha.weight
create_tensor: loading tensor blk.45.ssm_norm.weight
create_tensor: loading tensor blk.45.ssm_out.weight
create_tensor: loading tensor blk.45.ffn_gate.weight
create_tensor: loading tensor blk.45.ffn_down.weight
create_tensor: loading tensor blk.45.ffn_up.weight
create_tensor: loading tensor blk.46.attn_norm.weight
create_tensor: loading tensor blk.46.post_attention_norm.weight
create_tensor: loading tensor blk.46.attn_qkv.weight
create_tensor: loading tensor blk.46.attn_gate.weight
create_tensor: loading tensor blk.46.ssm_conv1d.weight
create_tensor: loading tensor blk.46.ssm_dt.bias
create_tensor: loading tensor blk.46.ssm_a
create_tensor: loading tensor blk.46.ssm_beta.weight
create_tensor: loading tensor blk.46.ssm_alpha.weight
create_tensor: loading tensor blk.46.ssm_norm.weight
create_tensor: loading tensor blk.46.ssm_out.weight
create_tensor: loading tensor blk.46.ffn_gate.weight
create_tensor: loading tensor blk.46.ffn_down.weight
create_tensor: loading tensor blk.46.ffn_up.weight
create_tensor: loading tensor blk.47.attn_norm.weight
create_tensor: loading tensor blk.47.post_attention_norm.weight
create_tensor: loading tensor blk.47.attn_qkv.weight
create_tensor: loading tensor blk.47.attn_q.weight
create_tensor: loading tensor blk.47.attn_k.weight
create_tensor: loading tensor blk.47.attn_v.weight
create_tensor: loading tensor blk.47.attn_q.bias
create_tensor: loading tensor blk.47.attn_k.bias
create_tensor: loading tensor blk.47.attn_v.bias
create_tensor: loading tensor blk.47.attn_output.weight
create_tensor: loading tensor blk.47.attn_q_norm.weight
create_tensor: loading tensor blk.47.attn_k_norm.weight
create_tensor: loading tensor blk.47.ffn_gate.weight
create_tensor: loading tensor blk.47.ffn_down.weight
create_tensor: loading tensor blk.47.ffn_up.weight
create_tensor: loading tensor blk.48.attn_norm.weight
create_tensor: loading tensor blk.48.post_attention_norm.weight
create_tensor: loading tensor blk.48.attn_qkv.weight
create_tensor: loading tensor blk.48.attn_gate.weight
create_tensor: loading tensor blk.48.ssm_conv1d.weight
create_tensor: loading tensor blk.48.ssm_dt.bias
create_tensor: loading tensor blk.48.ssm_a
create_tensor: loading tensor blk.48.ssm_beta.weight
create_tensor: loading tensor blk.48.ssm_alpha.weight
create_tensor: loading tensor blk.48.ssm_norm.weight
create_tensor: loading tensor blk.48.ssm_out.weight
create_tensor: loading tensor blk.48.ffn_gate.weight
create_tensor: loading tensor blk.48.ffn_down.weight
create_tensor: loading tensor blk.48.ffn_up.weight
create_tensor: loading tensor blk.49.attn_norm.weight
create_tensor: loading tensor blk.49.post_attention_norm.weight
create_tensor: loading tensor blk.49.attn_qkv.weight
create_tensor: loading tensor blk.49.attn_gate.weight
create_tensor: loading tensor blk.49.ssm_conv1d.weight
create_tensor: loading tensor blk.49.ssm_dt.bias
create_tensor: loading tensor blk.49.ssm_a
create_tensor: loading tensor blk.49.ssm_beta.weight
create_tensor: loading tensor blk.49.ssm_alpha.weight
create_tensor: loading tensor blk.49.ssm_norm.weight
create_tensor: loading tensor blk.49.ssm_out.weight
create_tensor: loading tensor blk.49.ffn_gate.weight
create_tensor: loading tensor blk.49.ffn_down.weight
create_tensor: loading tensor blk.49.ffn_up.weight
create_tensor: loading tensor blk.50.attn_norm.weight
create_tensor: loading tensor blk.50.post_attention_norm.weight
create_tensor: loading tensor blk.50.attn_qkv.weight
create_tensor: loading tensor blk.50.attn_gate.weight
create_tensor: loading tensor blk.50.ssm_conv1d.weight
create_tensor: loading tensor blk.50.ssm_dt.bias
create_tensor: loading tensor blk.50.ssm_a
create_tensor: loading tensor blk.50.ssm_beta.weight
create_tensor: loading tensor blk.50.ssm_alpha.weight
create_tensor: loading tensor blk.50.ssm_norm.weight
create_tensor: loading tensor blk.50.ssm_out.weight
create_tensor: loading tensor blk.50.ffn_gate.weight
create_tensor: loading tensor blk.50.ffn_down.weight
create_tensor: loading tensor blk.50.ffn_up.weight
create_tensor: loading tensor blk.51.attn_norm.weight
create_tensor: loading tensor blk.51.post_attention_norm.weight
create_tensor: loading tensor blk.51.attn_qkv.weight
create_tensor: loading tensor blk.51.attn_q.weight
create_tensor: loading tensor blk.51.attn_k.weight
create_tensor: loading tensor blk.51.attn_v.weight
create_tensor: loading tensor blk.51.attn_q.bias
create_tensor: loading tensor blk.51.attn_k.bias
create_tensor: loading tensor blk.51.attn_v.bias
create_tensor: loading tensor blk.51.attn_output.weight
create_tensor: loading tensor blk.51.attn_q_norm.weight
create_tensor: loading tensor blk.51.attn_k_norm.weight
create_tensor: loading tensor blk.51.ffn_gate.weight
create_tensor: loading tensor blk.51.ffn_down.weight
create_tensor: loading tensor blk.51.ffn_up.weight
create_tensor: loading tensor blk.52.attn_norm.weight
create_tensor: loading tensor blk.52.post_attention_norm.weight
create_tensor: loading tensor blk.52.attn_qkv.weight
create_tensor: loading tensor blk.52.attn_gate.weight
create_tensor: loading tensor blk.52.ssm_conv1d.weight
create_tensor: loading tensor blk.52.ssm_dt.bias
create_tensor: loading tensor blk.52.ssm_a
create_tensor: loading tensor blk.52.ssm_beta.weight
create_tensor: loading tensor blk.52.ssm_alpha.weight
create_tensor: loading tensor blk.52.ssm_norm.weight
create_tensor: loading tensor blk.52.ssm_out.weight
create_tensor: loading tensor blk.52.ffn_gate.weight
create_tensor: loading tensor blk.52.ffn_down.weight
create_tensor: loading tensor blk.52.ffn_up.weight
create_tensor: loading tensor blk.53.attn_norm.weight
create_tensor: loading tensor blk.53.post_attention_norm.weight
create_tensor: loading tensor blk.53.attn_qkv.weight
create_tensor: loading tensor blk.53.attn_gate.weight
create_tensor: loading tensor blk.53.ssm_conv1d.weight
create_tensor: loading tensor blk.53.ssm_dt.bias
create_tensor: loading tensor blk.53.ssm_a
create_tensor: loading tensor blk.53.ssm_beta.weight
create_tensor: loading tensor blk.53.ssm_alpha.weight
create_tensor: loading tensor blk.53.ssm_norm.weight
create_tensor: loading tensor blk.53.ssm_out.weight
create_tensor: loading tensor blk.53.ffn_gate.weight
create_tensor: loading tensor blk.53.ffn_down.weight
create_tensor: loading tensor blk.53.ffn_up.weight
create_tensor: loading tensor blk.54.attn_norm.weight
create_tensor: loading tensor blk.54.post_attention_norm.weight
create_tensor: loading tensor blk.54.attn_qkv.weight
create_tensor: loading tensor blk.54.attn_gate.weight
create_tensor: loading tensor blk.54.ssm_conv1d.weight
create_tensor: loading tensor blk.54.ssm_dt.bias
create_tensor: loading tensor blk.54.ssm_a
create_tensor: loading tensor blk.54.ssm_beta.weight
create_tensor: loading tensor blk.54.ssm_alpha.weight
create_tensor: loading tensor blk.54.ssm_norm.weight
create_tensor: loading tensor blk.54.ssm_out.weight
create_tensor: loading tensor blk.54.ffn_gate.weight
create_tensor: loading tensor blk.54.ffn_down.weight
create_tensor: loading tensor blk.54.ffn_up.weight
create_tensor: loading tensor blk.55.attn_norm.weight
create_tensor: loading tensor blk.55.post_attention_norm.weight
create_tensor: loading tensor blk.55.attn_qkv.weight
create_tensor: loading tensor blk.55.attn_q.weight
create_tensor: loading tensor blk.55.attn_k.weight
create_tensor: loading tensor blk.55.attn_v.weight
create_tensor: loading tensor blk.55.attn_q.bias
create_tensor: loading tensor blk.55.attn_k.bias
create_tensor: loading tensor blk.55.attn_v.bias
create_tensor: loading tensor blk.55.attn_output.weight
create_tensor: loading tensor blk.55.attn_q_norm.weight
create_tensor: loading tensor blk.55.attn_k_norm.weight
create_tensor: loading tensor blk.55.ffn_gate.weight
create_tensor: loading tensor blk.55.ffn_down.weight
create_tensor: loading tensor blk.55.ffn_up.weight
create_tensor: loading tensor blk.56.attn_norm.weight
create_tensor: loading tensor blk.56.post_attention_norm.weight
create_tensor: loading tensor blk.56.attn_qkv.weight
create_tensor: loading tensor blk.56.attn_gate.weight
create_tensor: loading tensor blk.56.ssm_conv1d.weight
create_tensor: loading tensor blk.56.ssm_dt.bias
create_tensor: loading tensor blk.56.ssm_a
create_tensor: loading tensor blk.56.ssm_beta.weight
create_tensor: loading tensor blk.56.ssm_alpha.weight
create_tensor: loading tensor blk.56.ssm_norm.weight
create_tensor: loading tensor blk.56.ssm_out.weight
create_tensor: loading tensor blk.56.ffn_gate.weight
create_tensor: loading tensor blk.56.ffn_down.weight
create_tensor: loading tensor blk.56.ffn_up.weight
create_tensor: loading tensor blk.57.attn_norm.weight
create_tensor: loading tensor blk.57.post_attention_norm.weight
create_tensor: loading tensor blk.57.attn_qkv.weight
create_tensor: loading tensor blk.57.attn_gate.weight
create_tensor: loading tensor blk.57.ssm_conv1d.weight
create_tensor: loading tensor blk.57.ssm_dt.bias
create_tensor: loading tensor blk.57.ssm_a
create_tensor: loading tensor blk.57.ssm_beta.weight
create_tensor: loading tensor blk.57.ssm_alpha.weight
create_tensor: loading tensor blk.57.ssm_norm.weight
create_tensor: loading tensor blk.57.ssm_out.weight
create_tensor: loading tensor blk.57.ffn_gate.weight
create_tensor: loading tensor blk.57.ffn_down.weight
create_tensor: loading tensor blk.57.ffn_up.weight
create_tensor: loading tensor blk.58.attn_norm.weight
create_tensor: loading tensor blk.58.post_attention_norm.weight
create_tensor: loading tensor blk.58.attn_qkv.weight
create_tensor: loading tensor blk.58.attn_gate.weight
create_tensor: loading tensor blk.58.ssm_conv1d.weight
create_tensor: loading tensor blk.58.ssm_dt.bias
create_tensor: loading tensor blk.58.ssm_a
create_tensor: loading tensor blk.58.ssm_beta.weight
create_tensor: loading tensor blk.58.ssm_alpha.weight
create_tensor: loading tensor blk.58.ssm_norm.weight
create_tensor: loading tensor blk.58.ssm_out.weight
create_tensor: loading tensor blk.58.ffn_gate.weight
create_tensor: loading tensor blk.58.ffn_down.weight
create_tensor: loading tensor blk.58.ffn_up.weight
create_tensor: loading tensor blk.59.attn_norm.weight
create_tensor: loading tensor blk.59.post_attention_norm.weight
create_tensor: loading tensor blk.59.attn_qkv.weight
create_tensor: loading tensor blk.59.attn_q.weight
create_tensor: loading tensor blk.59.attn_k.weight
create_tensor: loading tensor blk.59.attn_v.weight
create_tensor: loading tensor blk.59.attn_q.bias
create_tensor: loading tensor blk.59.attn_k.bias
create_tensor: loading tensor blk.59.attn_v.bias
create_tensor: loading tensor blk.59.attn_output.weight
create_tensor: loading tensor blk.59.attn_q_norm.weight
create_tensor: loading tensor blk.59.attn_k_norm.weight
create_tensor: loading tensor blk.59.ffn_gate.weight
create_tensor: loading tensor blk.59.ffn_down.weight
create_tensor: loading tensor blk.59.ffn_up.weight
create_tensor: loading tensor blk.60.attn_norm.weight
create_tensor: loading tensor blk.60.post_attention_norm.weight
create_tensor: loading tensor blk.60.attn_qkv.weight
create_tensor: loading tensor blk.60.attn_gate.weight
create_tensor: loading tensor blk.60.ssm_conv1d.weight
create_tensor: loading tensor blk.60.ssm_dt.bias
create_tensor: loading tensor blk.60.ssm_a
create_tensor: loading tensor blk.60.ssm_beta.weight
create_tensor: loading tensor blk.60.ssm_alpha.weight
create_tensor: loading tensor blk.60.ssm_norm.weight
create_tensor: loading tensor blk.60.ssm_out.weight
create_tensor: loading tensor blk.60.ffn_gate.weight
create_tensor: loading tensor blk.60.ffn_down.weight
create_tensor: loading tensor blk.60.ffn_up.weight
create_tensor: loading tensor blk.61.attn_norm.weight
create_tensor: loading tensor blk.61.post_attention_norm.weight
create_tensor: loading tensor blk.61.attn_qkv.weight
create_tensor: loading tensor blk.61.attn_gate.weight
create_tensor: loading tensor blk.61.ssm_conv1d.weight
create_tensor: loading tensor blk.61.ssm_dt.bias
create_tensor: loading tensor blk.61.ssm_a
create_tensor: loading tensor blk.61.ssm_beta.weight
create_tensor: loading tensor blk.61.ssm_alpha.weight
create_tensor: loading tensor blk.61.ssm_norm.weight
create_tensor: loading tensor blk.61.ssm_out.weight
create_tensor: loading tensor blk.61.ffn_gate.weight
create_tensor: loading tensor blk.61.ffn_down.weight
create_tensor: loading tensor blk.61.ffn_up.weight
create_tensor: loading tensor blk.62.attn_norm.weight
create_tensor: loading tensor blk.62.post_attention_norm.weight
create_tensor: loading tensor blk.62.attn_qkv.weight
create_tensor: loading tensor blk.62.attn_gate.weight
create_tensor: loading tensor blk.62.ssm_conv1d.weight
create_tensor: loading tensor blk.62.ssm_dt.bias
create_tensor: loading tensor blk.62.ssm_a
create_tensor: loading tensor blk.62.ssm_beta.weight
create_tensor: loading tensor blk.62.ssm_alpha.weight
create_tensor: loading tensor blk.62.ssm_norm.weight
create_tensor: loading tensor blk.62.ssm_out.weight
create_tensor: loading tensor blk.62.ffn_gate.weight
create_tensor: loading tensor blk.62.ffn_down.weight
create_tensor: loading tensor blk.62.ffn_up.weight
create_tensor: loading tensor blk.63.attn_norm.weight
create_tensor: loading tensor blk.63.post_attention_norm.weight
create_tensor: loading tensor blk.63.attn_qkv.weight
create_tensor: loading tensor blk.63.attn_q.weight
create_tensor: loading tensor blk.63.attn_k.weight
create_tensor: loading tensor blk.63.attn_v.weight
create_tensor: loading tensor blk.63.attn_q.bias
create_tensor: loading tensor blk.63.attn_k.bias
create_tensor: loading tensor blk.63.attn_v.bias
create_tensor: loading tensor blk.63.attn_output.weight
create_tensor: loading tensor blk.63.attn_q_norm.weight
create_tensor: loading tensor blk.63.attn_k_norm.weight
create_tensor: loading tensor blk.63.ffn_gate.weight
create_tensor: loading tensor blk.63.ffn_down.weight
create_tensor: loading tensor blk.63.ffn_up.weight
create_tensor: loading tensor blk.64.attn_norm.weight
model has unused tensor blk.64.attn_norm.weight (size = 20480 bytes) -- ignoring
create_tensor: loading tensor blk.64.post_attention_norm.weight
model has unused tensor blk.64.post_attention_norm.weight (size = 20480 bytes) -- ignoring
create_tensor: loading tensor blk.64.attn_qkv.weight
create_tensor: loading tensor blk.64.attn_qkv.bias
create_tensor: loading tensor blk.64.attn_q.weight
model has unused tensor blk.64.attn_q.weight (size = 51609600 bytes) -- ignoring
create_tensor: loading tensor blk.64.attn_k.weight
model has unused tensor blk.64.attn_k.weight (size = 5570560 bytes) -- ignoring
create_tensor: loading tensor blk.64.attn_v.weight
model has unused tensor blk.64.attn_v.weight (size = 5570560 bytes) -- ignoring
create_tensor: loading tensor blk.64.attn_q.bias
create_tensor: loading tensor blk.64.attn_k.bias
create_tensor: loading tensor blk.64.attn_v.bias
create_tensor: loading tensor blk.64.attn_output.weight
model has unused tensor blk.64.attn_output.weight (size = 25804800 bytes) -- ignoring
create_tensor: loading tensor blk.64.attn_q_norm.weight
model has unused tensor blk.64.attn_q_norm.weight (size = 1024 bytes) -- ignoring
create_tensor: loading tensor blk.64.attn_k_norm.weight
model has unused tensor blk.64.attn_k_norm.weight (size = 1024 bytes) -- ignoring
create_tensor: loading tensor blk.64.ffn_gate.weight
model has unused tensor blk.64.ffn_gate.weight (size = 73113600 bytes) -- ignoring
create_tensor: loading tensor blk.64.ffn_down.weight
model has unused tensor blk.64.ffn_down.weight (size = 73113600 bytes) -- ignoring
create_tensor: loading tensor blk.64.ffn_up.weight
model has unused tensor blk.64.ffn_up.weight (size = 73113600 bytes) -- ignoring
create_tensor: loading tensor blk.64.nextn.eh_proj.weight
model has unused tensor blk.64.nextn.eh_proj.weight (size = 43008000 bytes) -- ignoring
create_tensor: loading tensor blk.64.nextn.enorm.weight
model has unused tensor blk.64.nextn.enorm.weight (size = 20480 bytes) -- ignoring
create_tensor: loading tensor blk.64.nextn.hnorm.weight
model has unused tensor blk.64.nextn.hnorm.weight (size = 20480 bytes) -- ignoring
create_tensor: loading tensor blk.64.nextn.embed_tokens.weight
create_tensor: loading tensor blk.64.nextn.shared_head_head.weight
create_tensor: loading tensor blk.64.nextn.shared_head_norm.weight
model has unused tensor blk.64.nextn.shared_head_norm.weight (size = 20480 bytes) -- ignoring
create_tensor: loading tensor blk.0.attn_qkv.scale
create_tensor: loading tensor blk.0.attn_gate.scale
create_tensor: loading tensor blk.0.ffn_gate.scale
create_tensor: loading tensor blk.0.ffn_down.scale
create_tensor: loading tensor blk.0.ffn_up.scale
create_tensor: loading tensor blk.0.ssm_out.scale
create_tensor: loading tensor blk.0.ssm_alpha.scale
create_tensor: loading tensor blk.0.ssm_beta.scale
create_tensor: loading tensor blk.0.attn_qkv.input_scale
create_tensor: loading tensor blk.0.attn_gate.input_scale
create_tensor: loading tensor blk.0.ffn_gate.input_scale
create_tensor: loading tensor blk.0.ffn_down.input_scale
create_tensor: loading tensor blk.0.ffn_up.input_scale
create_tensor: loading tensor blk.0.ssm_out.input_scale
create_tensor: loading tensor blk.0.ssm_alpha.input_scale
create_tensor: loading tensor blk.0.ssm_beta.input_scale
create_tensor: loading tensor blk.1.attn_qkv.scale
create_tensor: loading tensor blk.1.attn_gate.scale
create_tensor: loading tensor blk.1.ffn_gate.scale
create_tensor: loading tensor blk.1.ffn_down.scale
create_tensor: loading tensor blk.1.ffn_up.scale
create_tensor: loading tensor blk.1.ssm_out.scale
create_tensor: loading tensor blk.1.ssm_alpha.scale
create_tensor: loading tensor blk.1.ssm_beta.scale
create_tensor: loading tensor blk.1.attn_qkv.input_scale
create_tensor: loading tensor blk.1.attn_gate.input_scale
create_tensor: loading tensor blk.1.ffn_gate.input_scale
create_tensor: loading tensor blk.1.ffn_down.input_scale
create_tensor: loading tensor blk.1.ffn_up.input_scale
create_tensor: loading tensor blk.1.ssm_out.input_scale
create_tensor: loading tensor blk.1.ssm_alpha.input_scale
create_tensor: loading tensor blk.1.ssm_beta.input_scale
create_tensor: loading tensor blk.2.attn_qkv.scale
create_tensor: loading tensor blk.2.attn_gate.scale
create_tensor: loading tensor blk.2.ffn_gate.scale
create_tensor: loading tensor blk.2.ffn_down.scale
create_tensor: loading tensor blk.2.ffn_up.scale
create_tensor: loading tensor blk.2.ssm_out.scale
create_tensor: loading tensor blk.2.ssm_alpha.scale
create_tensor: loading tensor blk.2.ssm_beta.scale
create_tensor: loading tensor blk.2.attn_qkv.input_scale
create_tensor: loading tensor blk.2.attn_gate.input_scale
create_tensor: loading tensor blk.2.ffn_gate.input_scale
create_tensor: loading tensor blk.2.ffn_down.input_scale
create_tensor: loading tensor blk.2.ffn_up.input_scale
create_tensor: loading tensor blk.2.ssm_out.input_scale
create_tensor: loading tensor blk.2.ssm_alpha.input_scale
create_tensor: loading tensor blk.2.ssm_beta.input_scale
create_tensor: loading tensor blk.3.attn_q.scale
create_tensor: loading tensor blk.3.attn_k.scale
create_tensor: loading tensor blk.3.attn_v.scale
create_tensor: loading tensor blk.3.attn_output.scale
create_tensor: loading tensor blk.3.ffn_gate.scale
create_tensor: loading tensor blk.3.ffn_down.scale
create_tensor: loading tensor blk.3.ffn_up.scale
create_tensor: loading tensor blk.3.attn_q.input_scale
create_tensor: loading tensor blk.3.attn_k.input_scale
create_tensor: loading tensor blk.3.attn_v.input_scale
create_tensor: loading tensor blk.3.attn_output.input_scale
create_tensor: loading tensor blk.3.ffn_gate.input_scale
create_tensor: loading tensor blk.3.ffn_down.input_scale
create_tensor: loading tensor blk.3.ffn_up.input_scale
create_tensor: loading tensor blk.4.attn_qkv.scale
create_tensor: loading tensor blk.4.attn_gate.scale
create_tensor: loading tensor blk.4.ffn_gate.scale
create_tensor: loading tensor blk.4.ffn_down.scale
create_tensor: loading tensor blk.4.ffn_up.scale
create_tensor: loading tensor blk.4.ssm_out.scale
create_tensor: loading tensor blk.4.ssm_alpha.scale
create_tensor: loading tensor blk.4.ssm_beta.scale
create_tensor: loading tensor blk.4.attn_qkv.input_scale
create_tensor: loading tensor blk.4.attn_gate.input_scale
create_tensor: loading tensor blk.4.ffn_gate.input_scale
create_tensor: loading tensor blk.4.ffn_down.input_scale
create_tensor: loading tensor blk.4.ffn_up.input_scale
create_tensor: loading tensor blk.4.ssm_out.input_scale
create_tensor: loading tensor blk.4.ssm_alpha.input_scale
create_tensor: loading tensor blk.4.ssm_beta.input_scale
create_tensor: loading tensor blk.5.attn_qkv.scale
create_tensor: loading tensor blk.5.attn_gate.scale
create_tensor: loading tensor blk.5.ffn_gate.scale
create_tensor: loading tensor blk.5.ffn_down.scale
create_tensor: loading tensor blk.5.ffn_up.scale
create_tensor: loading tensor blk.5.ssm_out.scale
create_tensor: loading tensor blk.5.ssm_alpha.scale
create_tensor: loading tensor blk.5.ssm_beta.scale
create_tensor: loading tensor blk.5.attn_qkv.input_scale
create_tensor: loading tensor blk.5.attn_gate.input_scale
create_tensor: loading tensor blk.5.ffn_gate.input_scale
create_tensor: loading tensor blk.5.ffn_down.input_scale
create_tensor: loading tensor blk.5.ffn_up.input_scale
create_tensor: loading tensor blk.5.ssm_out.input_scale
create_tensor: loading tensor blk.5.ssm_alpha.input_scale
create_tensor: loading tensor blk.5.ssm_beta.input_scale
create_tensor: loading tensor blk.6.attn_qkv.scale
create_tensor: loading tensor blk.6.attn_gate.scale
create_tensor: loading tensor blk.6.ffn_gate.scale
create_tensor: loading tensor blk.6.ffn_down.scale
create_tensor: loading tensor blk.6.ffn_up.scale
create_tensor: loading tensor blk.6.ssm_out.scale
create_tensor: loading tensor blk.6.ssm_alpha.scale
create_tensor: loading tensor blk.6.ssm_beta.scale
create_tensor: loading tensor blk.6.attn_qkv.input_scale
create_tensor: loading tensor blk.6.attn_gate.input_scale
create_tensor: loading tensor blk.6.ffn_gate.input_scale
create_tensor: loading tensor blk.6.ffn_down.input_scale
create_tensor: loading tensor blk.6.ffn_up.input_scale
create_tensor: loading tensor blk.6.ssm_out.input_scale
create_tensor: loading tensor blk.6.ssm_alpha.input_scale
create_tensor: loading tensor blk.6.ssm_beta.input_scale
create_tensor: loading tensor blk.7.attn_q.scale
create_tensor: loading tensor blk.7.attn_k.scale
create_tensor: loading tensor blk.7.attn_v.scale
create_tensor: loading tensor blk.7.attn_output.scale
create_tensor: loading tensor blk.7.ffn_gate.scale
create_tensor: loading tensor blk.7.ffn_down.scale
create_tensor: loading tensor blk.7.ffn_up.scale
create_tensor: loading tensor blk.7.attn_q.input_scale
create_tensor: loading tensor blk.7.attn_k.input_scale
create_tensor: loading tensor blk.7.attn_v.input_scale
create_tensor: loading tensor blk.7.attn_output.input_scale
create_tensor: loading tensor blk.7.ffn_gate.input_scale
create_tensor: loading tensor blk.7.ffn_down.input_scale
create_tensor: loading tensor blk.7.ffn_up.input_scale
create_tensor: loading tensor blk.8.attn_qkv.scale
create_tensor: loading tensor blk.8.attn_gate.scale
create_tensor: loading tensor blk.8.ffn_gate.scale
create_tensor: loading tensor blk.8.ffn_down.scale
create_tensor: loading tensor blk.8.ffn_up.scale
create_tensor: loading tensor blk.8.ssm_out.scale
create_tensor: loading tensor blk.8.ssm_alpha.scale
create_tensor: loading tensor blk.8.ssm_beta.scale
create_tensor: loading tensor blk.8.attn_qkv.input_scale
create_tensor: loading tensor blk.8.attn_gate.input_scale
create_tensor: loading tensor blk.8.ffn_gate.input_scale
create_tensor: loading tensor blk.8.ffn_down.input_scale
create_tensor: loading tensor blk.8.ffn_up.input_scale
create_tensor: loading tensor blk.8.ssm_out.input_scale
create_tensor: loading tensor blk.8.ssm_alpha.input_scale
create_tensor: loading tensor blk.8.ssm_beta.input_scale
create_tensor: loading tensor blk.9.attn_qkv.scale
create_tensor: loading tensor blk.9.attn_gate.scale
create_tensor: loading tensor blk.9.ffn_gate.scale
create_tensor: loading tensor blk.9.ffn_down.scale
create_tensor: loading tensor blk.9.ffn_up.scale
create_tensor: loading tensor blk.9.ssm_out.scale
create_tensor: loading tensor blk.9.ssm_alpha.scale
create_tensor: loading tensor blk.9.ssm_beta.scale
create_tensor: loading tensor blk.9.attn_qkv.input_scale
create_tensor: loading tensor blk.9.attn_gate.input_scale
create_tensor: loading tensor blk.9.ffn_gate.input_scale
create_tensor: loading tensor blk.9.ffn_down.input_scale
create_tensor: loading tensor blk.9.ffn_up.input_scale
create_tensor: loading tensor blk.9.ssm_out.input_scale
create_tensor: loading tensor blk.9.ssm_alpha.input_scale
create_tensor: loading tensor blk.9.ssm_beta.input_scale
create_tensor: loading tensor blk.10.attn_qkv.scale
create_tensor: loading tensor blk.10.attn_gate.scale
create_tensor: loading tensor blk.10.ffn_gate.scale
create_tensor: loading tensor blk.10.ffn_down.scale
create_tensor: loading tensor blk.10.ffn_up.scale
create_tensor: loading tensor blk.10.ssm_out.scale
create_tensor: loading tensor blk.10.ssm_alpha.scale
create_tensor: loading tensor blk.10.ssm_beta.scale
create_tensor: loading tensor blk.10.attn_qkv.input_scale
create_tensor: loading tensor blk.10.attn_gate.input_scale
create_tensor: loading tensor blk.10.ffn_gate.input_scale
create_tensor: loading tensor blk.10.ffn_down.input_scale
create_tensor: loading tensor blk.10.ffn_up.input_scale
create_tensor: loading tensor blk.10.ssm_out.input_scale
create_tensor: loading tensor blk.10.ssm_alpha.input_scale
create_tensor: loading tensor blk.10.ssm_beta.input_scale
create_tensor: loading tensor blk.11.attn_q.scale
create_tensor: loading tensor blk.11.attn_k.scale
create_tensor: loading tensor blk.11.attn_v.scale
create_tensor: loading tensor blk.11.attn_output.scale
create_tensor: loading tensor blk.11.ffn_gate.scale
create_tensor: loading tensor blk.11.ffn_down.scale
create_tensor: loading tensor blk.11.ffn_up.scale
create_tensor: loading tensor blk.11.attn_q.input_scale
create_tensor: loading tensor blk.11.attn_k.input_scale
create_tensor: loading tensor blk.11.attn_v.input_scale
create_tensor: loading tensor blk.11.attn_output.input_scale
create_tensor: loading tensor blk.11.ffn_gate.input_scale
create_tensor: loading tensor blk.11.ffn_down.input_scale
create_tensor: loading tensor blk.11.ffn_up.input_scale
create_tensor: loading tensor blk.12.attn_qkv.scale
create_tensor: loading tensor blk.12.attn_gate.scale
create_tensor: loading tensor blk.12.ffn_gate.scale
create_tensor: loading tensor blk.12.ffn_down.scale
create_tensor: loading tensor blk.12.ffn_up.scale
create_tensor: loading tensor blk.12.ssm_out.scale
create_tensor: loading tensor blk.12.ssm_alpha.scale
create_tensor: loading tensor blk.12.ssm_beta.scale
create_tensor: loading tensor blk.12.attn_qkv.input_scale
create_tensor: loading tensor blk.12.attn_gate.input_scale
create_tensor: loading tensor blk.12.ffn_gate.input_scale
create_tensor: loading tensor blk.12.ffn_down.input_scale
create_tensor: loading tensor blk.12.ffn_up.input_scale
create_tensor: loading tensor blk.12.ssm_out.input_scale
create_tensor: loading tensor blk.12.ssm_alpha.input_scale
create_tensor: loading tensor blk.12.ssm_beta.input_scale
create_tensor: loading tensor blk.13.attn_qkv.scale
create_tensor: loading tensor blk.13.attn_gate.scale
create_tensor: loading tensor blk.13.ffn_gate.scale
create_tensor: loading tensor blk.13.ffn_down.scale
create_tensor: loading tensor blk.13.ffn_up.scale
create_tensor: loading tensor blk.13.ssm_out.scale
create_tensor: loading tensor blk.13.ssm_alpha.scale
create_tensor: loading tensor blk.13.ssm_beta.scale
create_tensor: loading tensor blk.13.attn_qkv.input_scale
create_tensor: loading tensor blk.13.attn_gate.input_scale
create_tensor: loading tensor blk.13.ffn_gate.input_scale
create_tensor: loading tensor blk.13.ffn_down.input_scale
create_tensor: loading tensor blk.13.ffn_up.input_scale
create_tensor: loading tensor blk.13.ssm_out.input_scale
create_tensor: loading tensor blk.13.ssm_alpha.input_scale
create_tensor: loading tensor blk.13.ssm_beta.input_scale
create_tensor: loading tensor blk.14.attn_qkv.scale
create_tensor: loading tensor blk.14.attn_gate.scale
create_tensor: loading tensor blk.14.ffn_gate.scale
create_tensor: loading tensor blk.14.ffn_down.scale
create_tensor: loading tensor blk.14.ffn_up.scale
create_tensor: loading tensor blk.14.ssm_out.scale
create_tensor: loading tensor blk.14.ssm_alpha.scale
create_tensor: loading tensor blk.14.ssm_beta.scale
create_tensor: loading tensor blk.14.attn_qkv.input_scale
create_tensor: loading tensor blk.14.attn_gate.input_scale
create_tensor: loading tensor blk.14.ffn_gate.input_scale
create_tensor: loading tensor blk.14.ffn_down.input_scale
create_tensor: loading tensor blk.14.ffn_up.input_scale
create_tensor: loading tensor blk.14.ssm_out.input_scale
create_tensor: loading tensor blk.14.ssm_alpha.input_scale
create_tensor: loading tensor blk.14.ssm_beta.input_scale
create_tensor: loading tensor blk.15.attn_q.scale
create_tensor: loading tensor blk.15.attn_k.scale
create_tensor: loading tensor blk.15.attn_v.scale
create_tensor: loading tensor blk.15.attn_output.scale
create_tensor: loading tensor blk.15.ffn_gate.scale
create_tensor: loading tensor blk.15.ffn_down.scale
create_tensor: loading tensor blk.15.ffn_up.scale
create_tensor: loading tensor blk.15.attn_q.input_scale
create_tensor: loading tensor blk.15.attn_k.input_scale
create_tensor: loading tensor blk.15.attn_v.input_scale
create_tensor: loading tensor blk.15.attn_output.input_scale
create_tensor: loading tensor blk.15.ffn_gate.input_scale
create_tensor: loading tensor blk.15.ffn_down.input_scale
create_tensor: loading tensor blk.15.ffn_up.input_scale
create_tensor: loading tensor blk.16.attn_qkv.scale
create_tensor: loading tensor blk.16.attn_gate.scale
create_tensor: loading tensor blk.16.ffn_gate.scale
create_tensor: loading tensor blk.16.ffn_down.scale
create_tensor: loading tensor blk.16.ffn_up.scale
create_tensor: loading tensor blk.16.ssm_out.scale
create_tensor: loading tensor blk.16.ssm_alpha.scale
create_tensor: loading tensor blk.16.ssm_beta.scale
create_tensor: loading tensor blk.16.attn_qkv.input_scale
create_tensor: loading tensor blk.16.attn_gate.input_scale
create_tensor: loading tensor blk.16.ffn_gate.input_scale
create_tensor: loading tensor blk.16.ffn_down.input_scale
create_tensor: loading tensor blk.16.ffn_up.input_scale
create_tensor: loading tensor blk.16.ssm_out.input_scale
create_tensor: loading tensor blk.16.ssm_alpha.input_scale
create_tensor: loading tensor blk.16.ssm_beta.input_scale
create_tensor: loading tensor blk.17.attn_qkv.scale
create_tensor: loading tensor blk.17.attn_gate.scale
create_tensor: loading tensor blk.17.ffn_gate.scale
create_tensor: loading tensor blk.17.ffn_down.scale
create_tensor: loading tensor blk.17.ffn_up.scale
create_tensor: loading tensor blk.17.ssm_out.scale
create_tensor: loading tensor blk.17.ssm_alpha.scale
create_tensor: loading tensor blk.17.ssm_beta.scale
create_tensor: loading tensor blk.17.attn_qkv.input_scale
create_tensor: loading tensor blk.17.attn_gate.input_scale
create_tensor: loading tensor blk.17.ffn_gate.input_scale
create_tensor: loading tensor blk.17.ffn_down.input_scale
create_tensor: loading tensor blk.17.ffn_up.input_scale
create_tensor: loading tensor blk.17.ssm_out.input_scale
create_tensor: loading tensor blk.17.ssm_alpha.input_scale
create_tensor: loading tensor blk.17.ssm_beta.input_scale
create_tensor: loading tensor blk.18.attn_qkv.scale
create_tensor: loading tensor blk.18.attn_gate.scale
create_tensor: loading tensor blk.18.ffn_gate.scale
create_tensor: loading tensor blk.18.ffn_down.scale
create_tensor: loading tensor blk.18.ffn_up.scale
create_tensor: loading tensor blk.18.ssm_out.scale
create_tensor: loading tensor blk.18.ssm_alpha.scale
create_tensor: loading tensor blk.18.ssm_beta.scale
create_tensor: loading tensor blk.18.attn_qkv.input_scale
create_tensor: loading tensor blk.18.attn_gate.input_scale
create_tensor: loading tensor blk.18.ffn_gate.input_scale
create_tensor: loading tensor blk.18.ffn_down.input_scale
create_tensor: loading tensor blk.18.ffn_up.input_scale
create_tensor: loading tensor blk.18.ssm_out.input_scale
create_tensor: loading tensor blk.18.ssm_alpha.input_scale
create_tensor: loading tensor blk.18.ssm_beta.input_scale
create_tensor: loading tensor blk.19.attn_q.scale
create_tensor: loading tensor blk.19.attn_k.scale
create_tensor: loading tensor blk.19.attn_v.scale
create_tensor: loading tensor blk.19.attn_output.scale
create_tensor: loading tensor blk.19.ffn_gate.scale
create_tensor: loading tensor blk.19.ffn_down.scale
create_tensor: loading tensor blk.19.ffn_up.scale
create_tensor: loading tensor blk.19.attn_q.input_scale
create_tensor: loading tensor blk.19.attn_k.input_scale
create_tensor: loading tensor blk.19.attn_v.input_scale
create_tensor: loading tensor blk.19.attn_output.input_scale
create_tensor: loading tensor blk.19.ffn_gate.input_scale
create_tensor: loading tensor blk.19.ffn_down.input_scale
create_tensor: loading tensor blk.19.ffn_up.input_scale
create_tensor: loading tensor blk.20.attn_qkv.scale
create_tensor: loading tensor blk.20.attn_gate.scale
create_tensor: loading tensor blk.20.ffn_gate.scale
create_tensor: loading tensor blk.20.ffn_down.scale
create_tensor: loading tensor blk.20.ffn_up.scale
create_tensor: loading tensor blk.20.ssm_out.scale
create_tensor: loading tensor blk.20.ssm_alpha.scale
create_tensor: loading tensor blk.20.ssm_beta.scale
create_tensor: loading tensor blk.20.attn_qkv.input_scale
create_tensor: loading tensor blk.20.attn_gate.input_scale
create_tensor: loading tensor blk.20.ffn_gate.input_scale
create_tensor: loading tensor blk.20.ffn_down.input_scale
create_tensor: loading tensor blk.20.ffn_up.input_scale
create_tensor: loading tensor blk.20.ssm_out.input_scale
create_tensor: loading tensor blk.20.ssm_alpha.input_scale
create_tensor: loading tensor blk.20.ssm_beta.input_scale
create_tensor: loading tensor blk.21.attn_qkv.scale
create_tensor: loading tensor blk.21.attn_gate.scale
create_tensor: loading tensor blk.21.ffn_gate.scale
create_tensor: loading tensor blk.21.ffn_down.scale
create_tensor: loading tensor blk.21.ffn_up.scale
create_tensor: loading tensor blk.21.ssm_out.scale
create_tensor: loading tensor blk.21.ssm_alpha.scale
create_tensor: loading tensor blk.21.ssm_beta.scale
create_tensor: loading tensor blk.21.attn_qkv.input_scale
create_tensor: loading tensor blk.21.attn_gate.input_scale
create_tensor: loading tensor blk.21.ffn_gate.input_scale
create_tensor: loading tensor blk.21.ffn_down.input_scale
create_tensor: loading tensor blk.21.ffn_up.input_scale
create_tensor: loading tensor blk.21.ssm_out.input_scale
create_tensor: loading tensor blk.21.ssm_alpha.input_scale
create_tensor: loading tensor blk.21.ssm_beta.input_scale
create_tensor: loading tensor blk.22.attn_qkv.scale
create_tensor: loading tensor blk.22.attn_gate.scale
create_tensor: loading tensor blk.22.ffn_gate.scale
create_tensor: loading tensor blk.22.ffn_down.scale
create_tensor: loading tensor blk.22.ffn_up.scale
create_tensor: loading tensor blk.22.ssm_out.scale
create_tensor: loading tensor blk.22.ssm_alpha.scale
create_tensor: loading tensor blk.22.ssm_beta.scale
create_tensor: loading tensor blk.22.attn_qkv.input_scale
create_tensor: loading tensor blk.22.attn_gate.input_scale
create_tensor: loading tensor blk.22.ffn_gate.input_scale
create_tensor: loading tensor blk.22.ffn_down.input_scale
create_tensor: loading tensor blk.22.ffn_up.input_scale
create_tensor: loading tensor blk.22.ssm_out.input_scale
create_tensor: loading tensor blk.22.ssm_alpha.input_scale
create_tensor: loading tensor blk.22.ssm_beta.input_scale
create_tensor: loading tensor blk.23.attn_q.scale
create_tensor: loading tensor blk.23.attn_k.scale
create_tensor: loading tensor blk.23.attn_v.scale
create_tensor: loading tensor blk.23.attn_output.scale
create_tensor: loading tensor blk.23.ffn_gate.scale
create_tensor: loading tensor blk.23.ffn_down.scale
create_tensor: loading tensor blk.23.ffn_up.scale
create_tensor: loading tensor blk.23.attn_q.input_scale
create_tensor: loading tensor blk.23.attn_k.input_scale
create_tensor: loading tensor blk.23.attn_v.input_scale
create_tensor: loading tensor blk.23.attn_output.input_scale
create_tensor: loading tensor blk.23.ffn_gate.input_scale
create_tensor: loading tensor blk.23.ffn_down.input_scale
create_tensor: loading tensor blk.23.ffn_up.input_scale
create_tensor: loading tensor blk.24.attn_qkv.scale
create_tensor: loading tensor blk.24.attn_gate.scale
create_tensor: loading tensor blk.24.ffn_gate.scale
create_tensor: loading tensor blk.24.ffn_down.scale
create_tensor: loading tensor blk.24.ffn_up.scale
create_tensor: loading tensor blk.24.ssm_out.scale
create_tensor: loading tensor blk.24.ssm_alpha.scale
create_tensor: loading tensor blk.24.ssm_beta.scale
create_tensor: loading tensor blk.24.attn_qkv.input_scale
create_tensor: loading tensor blk.24.attn_gate.input_scale
create_tensor: loading tensor blk.24.ffn_gate.input_scale
create_tensor: loading tensor blk.24.ffn_down.input_scale
create_tensor: loading tensor blk.24.ffn_up.input_scale
create_tensor: loading tensor blk.24.ssm_out.input_scale
create_tensor: loading tensor blk.24.ssm_alpha.input_scale
create_tensor: loading tensor blk.24.ssm_beta.input_scale
create_tensor: loading tensor blk.25.attn_qkv.scale
create_tensor: loading tensor blk.25.attn_gate.scale
create_tensor: loading tensor blk.25.ffn_gate.scale
create_tensor: loading tensor blk.25.ffn_down.scale
create_tensor: loading tensor blk.25.ffn_up.scale
create_tensor: loading tensor blk.25.ssm_out.scale
create_tensor: loading tensor blk.25.ssm_alpha.scale
create_tensor: loading tensor blk.25.ssm_beta.scale
create_tensor: loading tensor blk.25.attn_qkv.input_scale
create_tensor: loading tensor blk.25.attn_gate.input_scale
create_tensor: loading tensor blk.25.ffn_gate.input_scale
create_tensor: loading tensor blk.25.ffn_down.input_scale
create_tensor: loading tensor blk.25.ffn_up.input_scale
create_tensor: loading tensor blk.25.ssm_out.input_scale
create_tensor: loading tensor blk.25.ssm_alpha.input_scale
create_tensor: loading tensor blk.25.ssm_beta.input_scale
create_tensor: loading tensor blk.26.attn_qkv.scale
create_tensor: loading tensor blk.26.attn_gate.scale
create_tensor: loading tensor blk.26.ffn_gate.scale
create_tensor: loading tensor blk.26.ffn_down.scale
create_tensor: loading tensor blk.26.ffn_up.scale
create_tensor: loading tensor blk.26.ssm_out.scale
create_tensor: loading tensor blk.26.ssm_alpha.scale
create_tensor: loading tensor blk.26.ssm_beta.scale
create_tensor: loading tensor blk.26.attn_qkv.input_scale
create_tensor: loading tensor blk.26.attn_gate.input_scale
create_tensor: loading tensor blk.26.ffn_gate.input_scale
create_tensor: loading tensor blk.26.ffn_down.input_scale
create_tensor: loading tensor blk.26.ffn_up.input_scale
create_tensor: loading tensor blk.26.ssm_out.input_scale
create_tensor: loading tensor blk.26.ssm_alpha.input_scale
create_tensor: loading tensor blk.26.ssm_beta.input_scale
create_tensor: loading tensor blk.27.attn_q.scale
create_tensor: loading tensor blk.27.attn_k.scale
create_tensor: loading tensor blk.27.attn_v.scale
create_tensor: loading tensor blk.27.attn_output.scale
create_tensor: loading tensor blk.27.ffn_gate.scale
create_tensor: loading tensor blk.27.ffn_down.scale
create_tensor: loading tensor blk.27.ffn_up.scale
create_tensor: loading tensor blk.27.attn_q.input_scale
create_tensor: loading tensor blk.27.attn_k.input_scale
create_tensor: loading tensor blk.27.attn_v.input_scale
create_tensor: loading tensor blk.27.attn_output.input_scale
create_tensor: loading tensor blk.27.ffn_gate.input_scale
create_tensor: loading tensor blk.27.ffn_down.input_scale
create_tensor: loading tensor blk.27.ffn_up.input_scale
create_tensor: loading tensor blk.28.attn_qkv.scale
create_tensor: loading tensor blk.28.attn_gate.scale
create_tensor: loading tensor blk.28.ffn_gate.scale
create_tensor: loading tensor blk.28.ffn_down.scale
create_tensor: loading tensor blk.28.ffn_up.scale
create_tensor: loading tensor blk.28.ssm_out.scale
create_tensor: loading tensor blk.28.ssm_alpha.scale
create_tensor: loading tensor blk.28.ssm_beta.scale
create_tensor: loading tensor blk.28.attn_qkv.input_scale
create_tensor: loading tensor blk.28.attn_gate.input_scale
create_tensor: loading tensor blk.28.ffn_gate.input_scale
create_tensor: loading tensor blk.28.ffn_down.input_scale
create_tensor: loading tensor blk.28.ffn_up.input_scale
create_tensor: loading tensor blk.28.ssm_out.input_scale
create_tensor: loading tensor blk.28.ssm_alpha.input_scale
create_tensor: loading tensor blk.28.ssm_beta.input_scale
create_tensor: loading tensor blk.29.attn_qkv.scale
create_tensor: loading tensor blk.29.attn_gate.scale
create_tensor: loading tensor blk.29.ffn_gate.scale
create_tensor: loading tensor blk.29.ffn_down.scale
create_tensor: loading tensor blk.29.ffn_up.scale
create_tensor: loading tensor blk.29.ssm_out.scale
create_tensor: loading tensor blk.29.ssm_alpha.scale
create_tensor: loading tensor blk.29.ssm_beta.scale
create_tensor: loading tensor blk.29.attn_qkv.input_scale
create_tensor: loading tensor blk.29.attn_gate.input_scale
create_tensor: loading tensor blk.29.ffn_gate.input_scale
create_tensor: loading tensor blk.29.ffn_down.input_scale
create_tensor: loading tensor blk.29.ffn_up.input_scale
create_tensor: loading tensor blk.29.ssm_out.input_scale
create_tensor: loading tensor blk.29.ssm_alpha.input_scale
create_tensor: loading tensor blk.29.ssm_beta.input_scale
create_tensor: loading tensor blk.30.attn_qkv.scale
create_tensor: loading tensor blk.30.attn_gate.scale
create_tensor: loading tensor blk.30.ffn_gate.scale
create_tensor: loading tensor blk.30.ffn_down.scale
create_tensor: loading tensor blk.30.ffn_up.scale
create_tensor: loading tensor blk.30.ssm_out.scale
create_tensor: loading tensor blk.30.ssm_alpha.scale
create_tensor: loading tensor blk.30.ssm_beta.scale
create_tensor: loading tensor blk.30.attn_qkv.input_scale
create_tensor: loading tensor blk.30.attn_gate.input_scale
create_tensor: loading tensor blk.30.ffn_gate.input_scale
create_tensor: loading tensor blk.30.ffn_down.input_scale
create_tensor: loading tensor blk.30.ffn_up.input_scale
create_tensor: loading tensor blk.30.ssm_out.input_scale
create_tensor: loading tensor blk.30.ssm_alpha.input_scale
create_tensor: loading tensor blk.30.ssm_beta.input_scale
create_tensor: loading tensor blk.31.attn_q.scale
create_tensor: loading tensor blk.31.attn_k.scale
create_tensor: loading tensor blk.31.attn_v.scale
create_tensor: loading tensor blk.31.attn_output.scale
create_tensor: loading tensor blk.31.ffn_gate.scale
create_tensor: loading tensor blk.31.ffn_down.scale
create_tensor: loading tensor blk.31.ffn_up.scale
create_tensor: loading tensor blk.31.attn_q.input_scale
create_tensor: loading tensor blk.31.attn_k.input_scale
create_tensor: loading tensor blk.31.attn_v.input_scale
create_tensor: loading tensor blk.31.attn_output.input_scale
create_tensor: loading tensor blk.31.ffn_gate.input_scale
create_tensor: loading tensor blk.31.ffn_down.input_scale
create_tensor: loading tensor blk.31.ffn_up.input_scale
create_tensor: loading tensor blk.32.attn_qkv.scale
create_tensor: loading tensor blk.32.attn_gate.scale
create_tensor: loading tensor blk.32.ffn_gate.scale
create_tensor: loading tensor blk.32.ffn_down.scale
create_tensor: loading tensor blk.32.ffn_up.scale
create_tensor: loading tensor blk.32.ssm_out.scale
create_tensor: loading tensor blk.32.ssm_alpha.scale
create_tensor: loading tensor blk.32.ssm_beta.scale
create_tensor: loading tensor blk.32.attn_qkv.input_scale
create_tensor: loading tensor blk.32.attn_gate.input_scale
create_tensor: loading tensor blk.32.ffn_gate.input_scale
create_tensor: loading tensor blk.32.ffn_down.input_scale
create_tensor: loading tensor blk.32.ffn_up.input_scale
create_tensor: loading tensor blk.32.ssm_out.input_scale
create_tensor: loading tensor blk.32.ssm_alpha.input_scale
create_tensor: loading tensor blk.32.ssm_beta.input_scale
create_tensor: loading tensor blk.33.attn_qkv.scale
create_tensor: loading tensor blk.33.attn_gate.scale
create_tensor: loading tensor blk.33.ffn_gate.scale
create_tensor: loading tensor blk.33.ffn_down.scale
create_tensor: loading tensor blk.33.ffn_up.scale
create_tensor: loading tensor blk.33.ssm_out.scale
create_tensor: loading tensor blk.33.ssm_alpha.scale
create_tensor: loading tensor blk.33.ssm_beta.scale
create_tensor: loading tensor blk.33.attn_qkv.input_scale
create_tensor: loading tensor blk.33.attn_gate.input_scale
create_tensor: loading tensor blk.33.ffn_gate.input_scale
create_tensor: loading tensor blk.33.ffn_down.input_scale
create_tensor: loading tensor blk.33.ffn_up.input_scale
create_tensor: loading tensor blk.33.ssm_out.input_scale
create_tensor: loading tensor blk.33.ssm_alpha.input_scale
create_tensor: loading tensor blk.33.ssm_beta.input_scale
create_tensor: loading tensor blk.34.attn_qkv.scale
create_tensor: loading tensor blk.34.attn_gate.scale
create_tensor: loading tensor blk.34.ffn_gate.scale
create_tensor: loading tensor blk.34.ffn_down.scale
create_tensor: loading tensor blk.34.ffn_up.scale
create_tensor: loading tensor blk.34.ssm_out.scale
create_tensor: loading tensor blk.34.ssm_alpha.scale
create_tensor: loading tensor blk.34.ssm_beta.scale
create_tensor: loading tensor blk.34.attn_qkv.input_scale
create_tensor: loading tensor blk.34.attn_gate.input_scale
create_tensor: loading tensor blk.34.ffn_gate.input_scale
create_tensor: loading tensor blk.34.ffn_down.input_scale
create_tensor: loading tensor blk.34.ffn_up.input_scale
create_tensor: loading tensor blk.34.ssm_out.input_scale
create_tensor: loading tensor blk.34.ssm_alpha.input_scale
create_tensor: loading tensor blk.34.ssm_beta.input_scale
create_tensor: loading tensor blk.35.attn_q.scale
create_tensor: loading tensor blk.35.attn_k.scale
create_tensor: loading tensor blk.35.attn_v.scale
create_tensor: loading tensor blk.35.attn_output.scale
create_tensor: loading tensor blk.35.ffn_gate.scale
create_tensor: loading tensor blk.35.ffn_down.scale
create_tensor: loading tensor blk.35.ffn_up.scale
create_tensor: loading tensor blk.35.attn_q.input_scale
create_tensor: loading tensor blk.35.attn_k.input_scale
create_tensor: loading tensor blk.35.attn_v.input_scale
create_tensor: loading tensor blk.35.attn_output.input_scale
create_tensor: loading tensor blk.35.ffn_gate.input_scale
create_tensor: loading tensor blk.35.ffn_down.input_scale
create_tensor: loading tensor blk.35.ffn_up.input_scale
create_tensor: loading tensor blk.36.attn_qkv.scale
create_tensor: loading tensor blk.36.attn_gate.scale
create_tensor: loading tensor blk.36.ffn_gate.scale
create_tensor: loading tensor blk.36.ffn_down.scale
create_tensor: loading tensor blk.36.ffn_up.scale
create_tensor: loading tensor blk.36.ssm_out.scale
create_tensor: loading tensor blk.36.ssm_alpha.scale
create_tensor: loading tensor blk.36.ssm_beta.scale
create_tensor: loading tensor blk.36.attn_qkv.input_scale
create_tensor: loading tensor blk.36.attn_gate.input_scale
create_tensor: loading tensor blk.36.ffn_gate.input_scale
create_tensor: loading tensor blk.36.ffn_down.input_scale
create_tensor: loading tensor blk.36.ffn_up.input_scale
create_tensor: loading tensor blk.36.ssm_out.input_scale
create_tensor: loading tensor blk.36.ssm_alpha.input_scale
create_tensor: loading tensor blk.36.ssm_beta.input_scale
create_tensor: loading tensor blk.37.attn_qkv.scale
create_tensor: loading tensor blk.37.attn_gate.scale
create_tensor: loading tensor blk.37.ffn_gate.scale
create_tensor: loading tensor blk.37.ffn_down.scale
create_tensor: loading tensor blk.37.ffn_up.scale
create_tensor: loading tensor blk.37.ssm_out.scale
create_tensor: loading tensor blk.37.ssm_alpha.scale
create_tensor: loading tensor blk.37.ssm_beta.scale
create_tensor: loading tensor blk.37.attn_qkv.input_scale
create_tensor: loading tensor blk.37.attn_gate.input_scale
create_tensor: loading tensor blk.37.ffn_gate.input_scale
create_tensor: loading tensor blk.37.ffn_down.input_scale
create_tensor: loading tensor blk.37.ffn_up.input_scale
create_tensor: loading tensor blk.37.ssm_out.input_scale
create_tensor: loading tensor blk.37.ssm_alpha.input_scale
create_tensor: loading tensor blk.37.ssm_beta.input_scale
create_tensor: loading tensor blk.38.attn_qkv.scale
create_tensor: loading tensor blk.38.attn_gate.scale
create_tensor: loading tensor blk.38.ffn_gate.scale
create_tensor: loading tensor blk.38.ffn_down.scale
create_tensor: loading tensor blk.38.ffn_up.scale
create_tensor: loading tensor blk.38.ssm_out.scale
create_tensor: loading tensor blk.38.ssm_alpha.scale
create_tensor: loading tensor blk.38.ssm_beta.scale
create_tensor: loading tensor blk.38.attn_qkv.input_scale
create_tensor: loading tensor blk.38.attn_gate.input_scale
create_tensor: loading tensor blk.38.ffn_gate.input_scale
create_tensor: loading tensor blk.38.ffn_down.input_scale
create_tensor: loading tensor blk.38.ffn_up.input_scale
create_tensor: loading tensor blk.38.ssm_out.input_scale
create_tensor: loading tensor blk.38.ssm_alpha.input_scale
create_tensor: loading tensor blk.38.ssm_beta.input_scale
create_tensor: loading tensor blk.39.attn_q.scale
create_tensor: loading tensor blk.39.attn_k.scale
create_tensor: loading tensor blk.39.attn_v.scale
create_tensor: loading tensor blk.39.attn_output.scale
create_tensor: loading tensor blk.39.ffn_gate.scale
create_tensor: loading tensor blk.39.ffn_down.scale
create_tensor: loading tensor blk.39.ffn_up.scale
create_tensor: loading tensor blk.39.attn_q.input_scale
create_tensor: loading tensor blk.39.attn_k.input_scale
create_tensor: loading tensor blk.39.attn_v.input_scale
create_tensor: loading tensor blk.39.attn_output.input_scale
create_tensor: loading tensor blk.39.ffn_gate.input_scale
create_tensor: loading tensor blk.39.ffn_down.input_scale
create_tensor: loading tensor blk.39.ffn_up.input_scale
create_tensor: loading tensor blk.40.attn_qkv.scale
create_tensor: loading tensor blk.40.attn_gate.scale
create_tensor: loading tensor blk.40.ffn_gate.scale
create_tensor: loading tensor blk.40.ffn_down.scale
create_tensor: loading tensor blk.40.ffn_up.scale
create_tensor: loading tensor blk.40.ssm_out.scale
create_tensor: loading tensor blk.40.ssm_alpha.scale
create_tensor: loading tensor blk.40.ssm_beta.scale
create_tensor: loading tensor blk.40.attn_qkv.input_scale
create_tensor: loading tensor blk.40.attn_gate.input_scale
create_tensor: loading tensor blk.40.ffn_gate.input_scale
create_tensor: loading tensor blk.40.ffn_down.input_scale
create_tensor: loading tensor blk.40.ffn_up.input_scale
create_tensor: loading tensor blk.40.ssm_out.input_scale
create_tensor: loading tensor blk.40.ssm_alpha.input_scale
create_tensor: loading tensor blk.40.ssm_beta.input_scale
create_tensor: loading tensor blk.41.attn_qkv.scale
create_tensor: loading tensor blk.41.attn_gate.scale
create_tensor: loading tensor blk.41.ffn_gate.scale
create_tensor: loading tensor blk.41.ffn_down.scale
create_tensor: loading tensor blk.41.ffn_up.scale
create_tensor: loading tensor blk.41.ssm_out.scale
create_tensor: loading tensor blk.41.ssm_alpha.scale
create_tensor: loading tensor blk.41.ssm_beta.scale
create_tensor: loading tensor blk.41.attn_qkv.input_scale
create_tensor: loading tensor blk.41.attn_gate.input_scale
create_tensor: loading tensor blk.41.ffn_gate.input_scale
create_tensor: loading tensor blk.41.ffn_down.input_scale
create_tensor: loading tensor blk.41.ffn_up.input_scale
create_tensor: loading tensor blk.41.ssm_out.input_scale
create_tensor: loading tensor blk.41.ssm_alpha.input_scale
create_tensor: loading tensor blk.41.ssm_beta.input_scale
create_tensor: loading tensor blk.42.attn_qkv.scale
create_tensor: loading tensor blk.42.attn_gate.scale
create_tensor: loading tensor blk.42.ffn_gate.scale
create_tensor: loading tensor blk.42.ffn_down.scale
create_tensor: loading tensor blk.42.ffn_up.scale
create_tensor: loading tensor blk.42.ssm_out.scale
create_tensor: loading tensor blk.42.ssm_alpha.scale
create_tensor: loading tensor blk.42.ssm_beta.scale
create_tensor: loading tensor blk.42.attn_qkv.input_scale
create_tensor: loading tensor blk.42.attn_gate.input_scale
create_tensor: loading tensor blk.42.ffn_gate.input_scale
create_tensor: loading tensor blk.42.ffn_down.input_scale
create_tensor: loading tensor blk.42.ffn_up.input_scale
create_tensor: loading tensor blk.42.ssm_out.input_scale
create_tensor: loading tensor blk.42.ssm_alpha.input_scale
create_tensor: loading tensor blk.42.ssm_beta.input_scale
create_tensor: loading tensor blk.43.attn_q.scale
create_tensor: loading tensor blk.43.attn_k.scale
create_tensor: loading tensor blk.43.attn_v.scale
create_tensor: loading tensor blk.43.attn_output.scale
create_tensor: loading tensor blk.43.ffn_gate.scale
create_tensor: loading tensor blk.43.ffn_down.scale
create_tensor: loading tensor blk.43.ffn_up.scale
create_tensor: loading tensor blk.43.attn_q.input_scale
create_tensor: loading tensor blk.43.attn_k.input_scale
create_tensor: loading tensor blk.43.attn_v.input_scale
create_tensor: loading tensor blk.43.attn_output.input_scale
create_tensor: loading tensor blk.43.ffn_gate.input_scale
create_tensor: loading tensor blk.43.ffn_down.input_scale
create_tensor: loading tensor blk.43.ffn_up.input_scale
create_tensor: loading tensor blk.44.attn_qkv.scale
create_tensor: loading tensor blk.44.attn_gate.scale
create_tensor: loading tensor blk.44.ffn_gate.scale
create_tensor: loading tensor blk.44.ffn_down.scale
create_tensor: loading tensor blk.44.ffn_up.scale
create_tensor: loading tensor blk.44.ssm_out.scale
create_tensor: loading tensor blk.44.ssm_alpha.scale
create_tensor: loading tensor blk.44.ssm_beta.scale
create_tensor: loading tensor blk.44.attn_qkv.input_scale
create_tensor: loading tensor blk.44.attn_gate.input_scale
create_tensor: loading tensor blk.44.ffn_gate.input_scale
create_tensor: loading tensor blk.44.ffn_down.input_scale
create_tensor: loading tensor blk.44.ffn_up.input_scale
create_tensor: loading tensor blk.44.ssm_out.input_scale
create_tensor: loading tensor blk.44.ssm_alpha.input_scale
create_tensor: loading tensor blk.44.ssm_beta.input_scale
create_tensor: loading tensor blk.45.attn_qkv.scale
create_tensor: loading tensor blk.45.attn_gate.scale
create_tensor: loading tensor blk.45.ffn_gate.scale
create_tensor: loading tensor blk.45.ffn_down.scale
create_tensor: loading tensor blk.45.ffn_up.scale
create_tensor: loading tensor blk.45.ssm_out.scale
create_tensor: loading tensor blk.45.ssm_alpha.scale
create_tensor: loading tensor blk.45.ssm_beta.scale
create_tensor: loading tensor blk.45.attn_qkv.input_scale
create_tensor: loading tensor blk.45.attn_gate.input_scale
create_tensor: loading tensor blk.45.ffn_gate.input_scale
create_tensor: loading tensor blk.45.ffn_down.input_scale
create_tensor: loading tensor blk.45.ffn_up.input_scale
create_tensor: loading tensor blk.45.ssm_out.input_scale
create_tensor: loading tensor blk.45.ssm_alpha.input_scale
create_tensor: loading tensor blk.45.ssm_beta.input_scale
create_tensor: loading tensor blk.46.attn_qkv.scale
create_tensor: loading tensor blk.46.attn_gate.scale
create_tensor: loading tensor blk.46.ffn_gate.scale
create_tensor: loading tensor blk.46.ffn_down.scale
create_tensor: loading tensor blk.46.ffn_up.scale
create_tensor: loading tensor blk.46.ssm_out.scale
create_tensor: loading tensor blk.46.ssm_alpha.scale
create_tensor: loading tensor blk.46.ssm_beta.scale
create_tensor: loading tensor blk.46.attn_qkv.input_scale
create_tensor: loading tensor blk.46.attn_gate.input_scale
create_tensor: loading tensor blk.46.ffn_gate.input_scale
create_tensor: loading tensor blk.46.ffn_down.input_scale
create_tensor: loading tensor blk.46.ffn_up.input_scale
create_tensor: loading tensor blk.46.ssm_out.input_scale
create_tensor: loading tensor blk.46.ssm_alpha.input_scale
create_tensor: loading tensor blk.46.ssm_beta.input_scale
create_tensor: loading tensor blk.47.attn_q.scale
create_tensor: loading tensor blk.47.attn_k.scale
create_tensor: loading tensor blk.47.attn_v.scale
create_tensor: loading tensor blk.47.attn_output.scale
create_tensor: loading tensor blk.47.ffn_gate.scale
create_tensor: loading tensor blk.47.ffn_down.scale
create_tensor: loading tensor blk.47.ffn_up.scale
create_tensor: loading tensor blk.47.attn_q.input_scale
create_tensor: loading tensor blk.47.attn_k.input_scale
create_tensor: loading tensor blk.47.attn_v.input_scale
create_tensor: loading tensor blk.47.attn_output.input_scale
create_tensor: loading tensor blk.47.ffn_gate.input_scale
create_tensor: loading tensor blk.47.ffn_down.input_scale
create_tensor: loading tensor blk.47.ffn_up.input_scale
create_tensor: loading tensor blk.48.attn_qkv.scale
create_tensor: loading tensor blk.48.attn_gate.scale
create_tensor: loading tensor blk.48.ffn_gate.scale
create_tensor: loading tensor blk.48.ffn_down.scale
create_tensor: loading tensor blk.48.ffn_up.scale
create_tensor: loading tensor blk.48.ssm_out.scale
create_tensor: loading tensor blk.48.ssm_alpha.scale
create_tensor: loading tensor blk.48.ssm_beta.scale
create_tensor: loading tensor blk.48.attn_qkv.input_scale
create_tensor: loading tensor blk.48.attn_gate.input_scale
create_tensor: loading tensor blk.48.ffn_gate.input_scale
create_tensor: loading tensor blk.48.ffn_down.input_scale
create_tensor: loading tensor blk.48.ffn_up.input_scale
create_tensor: loading tensor blk.48.ssm_out.input_scale
create_tensor: loading tensor blk.48.ssm_alpha.input_scale
create_tensor: loading tensor blk.48.ssm_beta.input_scale
create_tensor: loading tensor blk.49.attn_qkv.scale
create_tensor: loading tensor blk.49.attn_gate.scale
create_tensor: loading tensor blk.49.ffn_gate.scale
create_tensor: loading tensor blk.49.ffn_down.scale
create_tensor: loading tensor blk.49.ffn_up.scale
create_tensor: loading tensor blk.49.ssm_out.scale
create_tensor: loading tensor blk.49.ssm_alpha.scale
create_tensor: loading tensor blk.49.ssm_beta.scale
create_tensor: loading tensor blk.49.attn_qkv.input_scale
create_tensor: loading tensor blk.49.attn_gate.input_scale
create_tensor: loading tensor blk.49.ffn_gate.input_scale
create_tensor: loading tensor blk.49.ffn_down.input_scale
create_tensor: loading tensor blk.49.ffn_up.input_scale
create_tensor: loading tensor blk.49.ssm_out.input_scale
create_tensor: loading tensor blk.49.ssm_alpha.input_scale
create_tensor: loading tensor blk.49.ssm_beta.input_scale
create_tensor: loading tensor blk.50.attn_qkv.scale
create_tensor: loading tensor blk.50.attn_gate.scale
create_tensor: loading tensor blk.50.ffn_gate.scale
create_tensor: loading tensor blk.50.ffn_down.scale
create_tensor: loading tensor blk.50.ffn_up.scale
create_tensor: loading tensor blk.50.ssm_out.scale
create_tensor: loading tensor blk.50.ssm_alpha.scale
create_tensor: loading tensor blk.50.ssm_beta.scale
create_tensor: loading tensor blk.50.attn_qkv.input_scale
create_tensor: loading tensor blk.50.attn_gate.input_scale
create_tensor: loading tensor blk.50.ffn_gate.input_scale
create_tensor: loading tensor blk.50.ffn_down.input_scale
create_tensor: loading tensor blk.50.ffn_up.input_scale
create_tensor: loading tensor blk.50.ssm_out.input_scale
create_tensor: loading tensor blk.50.ssm_alpha.input_scale
create_tensor: loading tensor blk.50.ssm_beta.input_scale
create_tensor: loading tensor blk.51.attn_q.scale
create_tensor: loading tensor blk.51.attn_k.scale
create_tensor: loading tensor blk.51.attn_v.scale
create_tensor: loading tensor blk.51.attn_output.scale
create_tensor: loading tensor blk.51.ffn_gate.scale
create_tensor: loading tensor blk.51.ffn_down.scale
create_tensor: loading tensor blk.51.ffn_up.scale
create_tensor: loading tensor blk.51.attn_q.input_scale
create_tensor: loading tensor blk.51.attn_k.input_scale
create_tensor: loading tensor blk.51.attn_v.input_scale
create_tensor: loading tensor blk.51.attn_output.input_scale
create_tensor: loading tensor blk.51.ffn_gate.input_scale
create_tensor: loading tensor blk.51.ffn_down.input_scale
create_tensor: loading tensor blk.51.ffn_up.input_scale
create_tensor: loading tensor blk.52.attn_qkv.scale
create_tensor: loading tensor blk.52.attn_gate.scale
create_tensor: loading tensor blk.52.ffn_gate.scale
create_tensor: loading tensor blk.52.ffn_down.scale
create_tensor: loading tensor blk.52.ffn_up.scale
create_tensor: loading tensor blk.52.ssm_out.scale
create_tensor: loading tensor blk.52.ssm_alpha.scale
create_tensor: loading tensor blk.52.ssm_beta.scale
create_tensor: loading tensor blk.52.attn_qkv.input_scale
create_tensor: loading tensor blk.52.attn_gate.input_scale
create_tensor: loading tensor blk.52.ffn_gate.input_scale
create_tensor: loading tensor blk.52.ffn_down.input_scale
create_tensor: loading tensor blk.52.ffn_up.input_scale
create_tensor: loading tensor blk.52.ssm_out.input_scale
create_tensor: loading tensor blk.52.ssm_alpha.input_scale
create_tensor: loading tensor blk.52.ssm_beta.input_scale
create_tensor: loading tensor blk.53.attn_qkv.scale
create_tensor: loading tensor blk.53.attn_gate.scale
create_tensor: loading tensor blk.53.ffn_gate.scale
create_tensor: loading tensor blk.53.ffn_down.scale
create_tensor: loading tensor blk.53.ffn_up.scale
create_tensor: loading tensor blk.53.ssm_out.scale
create_tensor: loading tensor blk.53.ssm_alpha.scale
create_tensor: loading tensor blk.53.ssm_beta.scale
create_tensor: loading tensor blk.53.attn_qkv.input_scale
create_tensor: loading tensor blk.53.attn_gate.input_scale
create_tensor: loading tensor blk.53.ffn_gate.input_scale
create_tensor: loading tensor blk.53.ffn_down.input_scale
create_tensor: loading tensor blk.53.ffn_up.input_scale
create_tensor: loading tensor blk.53.ssm_out.input_scale
create_tensor: loading tensor blk.53.ssm_alpha.input_scale
create_tensor: loading tensor blk.53.ssm_beta.input_scale
create_tensor: loading tensor blk.54.attn_qkv.scale
create_tensor: loading tensor blk.54.attn_gate.scale
create_tensor: loading tensor blk.54.ffn_gate.scale
create_tensor: loading tensor blk.54.ffn_down.scale
create_tensor: loading tensor blk.54.ffn_up.scale
create_tensor: loading tensor blk.54.ssm_out.scale
create_tensor: loading tensor blk.54.ssm_alpha.scale
create_tensor: loading tensor blk.54.ssm_beta.scale
create_tensor: loading tensor blk.54.attn_qkv.input_scale
create_tensor: loading tensor blk.54.attn_gate.input_scale
create_tensor: loading tensor blk.54.ffn_gate.input_scale
create_tensor: loading tensor blk.54.ffn_down.input_scale
create_tensor: loading tensor blk.54.ffn_up.input_scale
create_tensor: loading tensor blk.54.ssm_out.input_scale
create_tensor: loading tensor blk.54.ssm_alpha.input_scale
create_tensor: loading tensor blk.54.ssm_beta.input_scale
create_tensor: loading tensor blk.55.attn_q.scale
create_tensor: loading tensor blk.55.attn_k.scale
create_tensor: loading tensor blk.55.attn_v.scale
create_tensor: loading tensor blk.55.attn_output.scale
create_tensor: loading tensor blk.55.ffn_gate.scale
create_tensor: loading tensor blk.55.ffn_down.scale
create_tensor: loading tensor blk.55.ffn_up.scale
create_tensor: loading tensor blk.55.attn_q.input_scale
create_tensor: loading tensor blk.55.attn_k.input_scale
create_tensor: loading tensor blk.55.attn_v.input_scale
create_tensor: loading tensor blk.55.attn_output.input_scale
create_tensor: loading tensor blk.55.ffn_gate.input_scale
create_tensor: loading tensor blk.55.ffn_down.input_scale
create_tensor: loading tensor blk.55.ffn_up.input_scale
create_tensor: loading tensor blk.56.attn_qkv.scale
create_tensor: loading tensor blk.56.attn_gate.scale
create_tensor: loading tensor blk.56.ffn_gate.scale
create_tensor: loading tensor blk.56.ffn_down.scale
create_tensor: loading tensor blk.56.ffn_up.scale
create_tensor: loading tensor blk.56.ssm_out.scale
create_tensor: loading tensor blk.56.ssm_alpha.scale
create_tensor: loading tensor blk.56.ssm_beta.scale
create_tensor: loading tensor blk.56.attn_qkv.input_scale
create_tensor: loading tensor blk.56.attn_gate.input_scale
create_tensor: loading tensor blk.56.ffn_gate.input_scale
create_tensor: loading tensor blk.56.ffn_down.input_scale
create_tensor: loading tensor blk.56.ffn_up.input_scale
create_tensor: loading tensor blk.56.ssm_out.input_scale
create_tensor: loading tensor blk.56.ssm_alpha.input_scale
create_tensor: loading tensor blk.56.ssm_beta.input_scale
create_tensor: loading tensor blk.57.attn_qkv.scale
create_tensor: loading tensor blk.57.attn_gate.scale
create_tensor: loading tensor blk.57.ffn_gate.scale
create_tensor: loading tensor blk.57.ffn_down.scale
create_tensor: loading tensor blk.57.ffn_up.scale
create_tensor: loading tensor blk.57.ssm_out.scale
create_tensor: loading tensor blk.57.ssm_alpha.scale
create_tensor: loading tensor blk.57.ssm_beta.scale
create_tensor: loading tensor blk.57.attn_qkv.input_scale
create_tensor: loading tensor blk.57.attn_gate.input_scale
create_tensor: loading tensor blk.57.ffn_gate.input_scale
create_tensor: loading tensor blk.57.ffn_down.input_scale
create_tensor: loading tensor blk.57.ffn_up.input_scale
create_tensor: loading tensor blk.57.ssm_out.input_scale
create_tensor: loading tensor blk.57.ssm_alpha.input_scale
create_tensor: loading tensor blk.57.ssm_beta.input_scale
create_tensor: loading tensor blk.58.attn_qkv.scale
create_tensor: loading tensor blk.58.attn_gate.scale
create_tensor: loading tensor blk.58.ffn_gate.scale
create_tensor: loading tensor blk.58.ffn_down.scale
create_tensor: loading tensor blk.58.ffn_up.scale
create_tensor: loading tensor blk.58.ssm_out.scale
create_tensor: loading tensor blk.58.ssm_alpha.scale
create_tensor: loading tensor blk.58.ssm_beta.scale
create_tensor: loading tensor blk.58.attn_qkv.input_scale
create_tensor: loading tensor blk.58.attn_gate.input_scale
create_tensor: loading tensor blk.58.ffn_gate.input_scale
create_tensor: loading tensor blk.58.ffn_down.input_scale
create_tensor: loading tensor blk.58.ffn_up.input_scale
create_tensor: loading tensor blk.58.ssm_out.input_scale
create_tensor: loading tensor blk.58.ssm_alpha.input_scale
create_tensor: loading tensor blk.58.ssm_beta.input_scale
create_tensor: loading tensor blk.59.attn_q.scale
create_tensor: loading tensor blk.59.attn_k.scale
create_tensor: loading tensor blk.59.attn_v.scale
create_tensor: loading tensor blk.59.attn_output.scale
create_tensor: loading tensor blk.59.ffn_gate.scale
create_tensor: loading tensor blk.59.ffn_down.scale
create_tensor: loading tensor blk.59.ffn_up.scale
create_tensor: loading tensor blk.59.attn_q.input_scale
create_tensor: loading tensor blk.59.attn_k.input_scale
create_tensor: loading tensor blk.59.attn_v.input_scale
create_tensor: loading tensor blk.59.attn_output.input_scale
create_tensor: loading tensor blk.59.ffn_gate.input_scale
create_tensor: loading tensor blk.59.ffn_down.input_scale
create_tensor: loading tensor blk.59.ffn_up.input_scale
create_tensor: loading tensor blk.60.attn_qkv.scale
create_tensor: loading tensor blk.60.attn_gate.scale
create_tensor: loading tensor blk.60.ffn_gate.scale
create_tensor: loading tensor blk.60.ffn_down.scale
create_tensor: loading tensor blk.60.ffn_up.scale
create_tensor: loading tensor blk.60.ssm_out.scale
create_tensor: loading tensor blk.60.ssm_alpha.scale
create_tensor: loading tensor blk.60.ssm_beta.scale
create_tensor: loading tensor blk.60.attn_qkv.input_scale
create_tensor: loading tensor blk.60.attn_gate.input_scale
create_tensor: loading tensor blk.60.ffn_gate.input_scale
create_tensor: loading tensor blk.60.ffn_down.input_scale
create_tensor: loading tensor blk.60.ffn_up.input_scale
create_tensor: loading tensor blk.60.ssm_out.input_scale
create_tensor: loading tensor blk.60.ssm_alpha.input_scale
create_tensor: loading tensor blk.60.ssm_beta.input_scale
create_tensor: loading tensor blk.61.attn_qkv.scale
create_tensor: loading tensor blk.61.attn_gate.scale
create_tensor: loading tensor blk.61.ffn_gate.scale
create_tensor: loading tensor blk.61.ffn_down.scale
create_tensor: loading tensor blk.61.ffn_up.scale
create_tensor: loading tensor blk.61.ssm_out.scale
create_tensor: loading tensor blk.61.ssm_alpha.scale
create_tensor: loading tensor blk.61.ssm_beta.scale
create_tensor: loading tensor blk.61.attn_qkv.input_scale
create_tensor: loading tensor blk.61.attn_gate.input_scale
create_tensor: loading tensor blk.61.ffn_gate.input_scale
create_tensor: loading tensor blk.61.ffn_down.input_scale
create_tensor: loading tensor blk.61.ffn_up.input_scale
create_tensor: loading tensor blk.61.ssm_out.input_scale
create_tensor: loading tensor blk.61.ssm_alpha.input_scale
create_tensor: loading tensor blk.61.ssm_beta.input_scale
create_tensor: loading tensor blk.62.attn_qkv.scale
create_tensor: loading tensor blk.62.attn_gate.scale
create_tensor: loading tensor blk.62.ffn_gate.scale
create_tensor: loading tensor blk.62.ffn_down.scale
create_tensor: loading tensor blk.62.ffn_up.scale
create_tensor: loading tensor blk.62.ssm_out.scale
create_tensor: loading tensor blk.62.ssm_alpha.scale
create_tensor: loading tensor blk.62.ssm_beta.scale
create_tensor: loading tensor blk.62.attn_qkv.input_scale
create_tensor: loading tensor blk.62.attn_gate.input_scale
create_tensor: loading tensor blk.62.ffn_gate.input_scale
create_tensor: loading tensor blk.62.ffn_down.input_scale
create_tensor: loading tensor blk.62.ffn_up.input_scale
create_tensor: loading tensor blk.62.ssm_out.input_scale
create_tensor: loading tensor blk.62.ssm_alpha.input_scale
create_tensor: loading tensor blk.62.ssm_beta.input_scale
create_tensor: loading tensor blk.63.attn_q.scale
create_tensor: loading tensor blk.63.attn_k.scale
create_tensor: loading tensor blk.63.attn_v.scale
create_tensor: loading tensor blk.63.attn_output.scale
create_tensor: loading tensor blk.63.ffn_gate.scale
create_tensor: loading tensor blk.63.ffn_down.scale
create_tensor: loading tensor blk.63.ffn_up.scale
create_tensor: loading tensor blk.63.attn_q.input_scale
create_tensor: loading tensor blk.63.attn_k.input_scale
create_tensor: loading tensor blk.63.attn_v.input_scale
create_tensor: loading tensor blk.63.attn_output.input_scale
create_tensor: loading tensor blk.63.ffn_gate.input_scale
create_tensor: loading tensor blk.63.ffn_down.input_scale
create_tensor: loading tensor blk.63.ffn_up.input_scale
done_getting_tensors: tensor 'token_embd.weight' (q6_K) (and 850 others) cannot be used with preferred buffer type ROCm_Host, using CPU instead
load_tensors: offloading 0 repeating layers to GPU
load_tensors: offloaded 0/66 layers to GPU
load_tensors:   CPU_Mapped model buffer size = 21673.59 MiB
............................................................................................
llama_context: constructing llama_context
llama_context: n_seq_max             = 1
llama_context: n_ctx                 = 4096
llama_context: n_ctx_seq             = 4096
llama_context: n_batch               = 2048
llama_context: n_ubatch              = 2048
llama_context: causal_attn           = 1
llama_context: flash_attn            = auto
llama_context: kv_unified            = false
llama_context: freq_base             = 10000000.0
llama_context: freq_scale            = 1
llama_context: n_rs_seq              = 0
llama_context: n_outputs_max         = 2048
llama_context: n_outputs_max_per_seq = 1
llama_context: n_ctx_seq (4096) < n_ctx_train (262144) -- the full capacity of the model will not be utilized
set_abort_callback: call
llama_context:        CPU  output buffer size =     0.95 MiB
llama_kv_cache: layer   0: filtered
llama_kv_cache: layer   1: filtered
llama_kv_cache: layer   2: filtered
llama_kv_cache: layer   3: dev = CPU
llama_kv_cache: layer   4: filtered
llama_kv_cache: layer   5: filtered
llama_kv_cache: layer   6: filtered
llama_kv_cache: layer   7: dev = CPU
llama_kv_cache: layer   8: filtered
llama_kv_cache: layer   9: filtered
llama_kv_cache: layer  10: filtered
llama_kv_cache: layer  11: dev = CPU
llama_kv_cache: layer  12: filtered
llama_kv_cache: layer  13: filtered
llama_kv_cache: layer  14: filtered
llama_kv_cache: layer  15: dev = CPU
llama_kv_cache: layer  16: filtered
llama_kv_cache: layer  17: filtered
llama_kv_cache: layer  18: filtered
llama_kv_cache: layer  19: dev = CPU
llama_kv_cache: layer  20: filtered
llama_kv_cache: layer  21: filtered
llama_kv_cache: layer  22: filtered
llama_kv_cache: layer  23: dev = CPU
llama_kv_cache: layer  24: filtered
llama_kv_cache: layer  25: filtered
llama_kv_cache: layer  26: filtered
llama_kv_cache: layer  27: dev = CPU
llama_kv_cache: layer  28: filtered
llama_kv_cache: layer  29: filtered
llama_kv_cache: layer  30: filtered
llama_kv_cache: layer  31: dev = CPU
llama_kv_cache: layer  32: filtered
llama_kv_cache: layer  33: filtered
llama_kv_cache: layer  34: filtered
llama_kv_cache: layer  35: dev = CPU
llama_kv_cache: layer  36: filtered
llama_kv_cache: layer  37: filtered
llama_kv_cache: layer  38: filtered
llama_kv_cache: layer  39: dev = CPU
llama_kv_cache: layer  40: filtered
llama_kv_cache: layer  41: filtered
llama_kv_cache: layer  42: filtered
llama_kv_cache: layer  43: dev = CPU
llama_kv_cache: layer  44: filtered
llama_kv_cache: layer  45: filtered
llama_kv_cache: layer  46: filtered
llama_kv_cache: layer  47: dev = CPU
llama_kv_cache: layer  48: filtered
llama_kv_cache: layer  49: filtered
llama_kv_cache: layer  50: filtered
llama_kv_cache: layer  51: dev = CPU
llama_kv_cache: layer  52: filtered
llama_kv_cache: layer  53: filtered
llama_kv_cache: layer  54: filtered
llama_kv_cache: layer  55: dev = CPU
llama_kv_cache: layer  56: filtered
llama_kv_cache: layer  57: filtered
llama_kv_cache: layer  58: filtered
llama_kv_cache: layer  59: dev = CPU
llama_kv_cache: layer  60: filtered
llama_kv_cache: layer  61: filtered
llama_kv_cache: layer  62: filtered
llama_kv_cache: layer  63: dev = CPU
llama_kv_cache: layer  64: filtered
llama_kv_cache:        CPU KV buffer size =   256.00 MiB
llama_kv_cache: size =  256.00 MiB (  4096 cells,  16 layers,  1/1 seqs), K (f16):  128.00 MiB, V (f16):  128.00 MiB
llama_kv_cache: attn_rot_k = 0, n_embd_head_k_all = 256
llama_kv_cache: attn_rot_v = 0, n_embd_head_k_all = 256
llama_memory_recurrent, layer   0: dev = CPU
llama_memory_recurrent, layer   1: dev = CPU
llama_memory_recurrent, layer   2: dev = CPU
llama_memory_recurrent: layer   3: skipped
llama_memory_recurrent, layer   4: dev = CPU
llama_memory_recurrent, layer   5: dev = CPU
llama_memory_recurrent, layer   6: dev = CPU
llama_memory_recurrent: layer   7: skipped
llama_memory_recurrent, layer   8: dev = CPU
llama_memory_recurrent, layer   9: dev = CPU
llama_memory_recurrent, layer  10: dev = CPU
llama_memory_recurrent: layer  11: skipped
llama_memory_recurrent, layer  12: dev = CPU
llama_memory_recurrent, layer  13: dev = CPU
llama_memory_recurrent, layer  14: dev = CPU
llama_memory_recurrent: layer  15: skipped
llama_memory_recurrent, layer  16: dev = CPU
llama_memory_recurrent, layer  17: dev = CPU
llama_memory_recurrent, layer  18: dev = CPU
llama_memory_recurrent: layer  19: skipped
llama_memory_recurrent, layer  20: dev = CPU
llama_memory_recurrent, layer  21: dev = CPU
llama_memory_recurrent, layer  22: dev = CPU
llama_memory_recurrent: layer  23: skipped
llama_memory_recurrent, layer  24: dev = CPU
llama_memory_recurrent, layer  25: dev = CPU
llama_memory_recurrent, layer  26: dev = CPU
llama_memory_recurrent: layer  27: skipped
llama_memory_recurrent, layer  28: dev = CPU
llama_memory_recurrent, layer  29: dev = CPU
llama_memory_recurrent, layer  30: dev = CPU
llama_memory_recurrent: layer  31: skipped
llama_memory_recurrent, layer  32: dev = CPU
llama_memory_recurrent, layer  33: dev = CPU
llama_memory_recurrent, layer  34: dev = CPU
llama_memory_recurrent: layer  35: skipped
llama_memory_recurrent, layer  36: dev = CPU
llama_memory_recurrent, layer  37: dev = CPU
llama_memory_recurrent, layer  38: dev = CPU
llama_memory_recurrent: layer  39: skipped
llama_memory_recurrent, layer  40: dev = CPU
llama_memory_recurrent, layer  41: dev = CPU
llama_memory_recurrent, layer  42: dev = CPU
llama_memory_recurrent: layer  43: skipped
llama_memory_recurrent, layer  44: dev = CPU
llama_memory_recurrent, layer  45: dev = CPU
llama_memory_recurrent, layer  46: dev = CPU
llama_memory_recurrent: layer  47: skipped
llama_memory_recurrent, layer  48: dev = CPU
llama_memory_recurrent, layer  49: dev = CPU
llama_memory_recurrent, layer  50: dev = CPU
llama_memory_recurrent: layer  51: skipped
llama_memory_recurrent, layer  52: dev = CPU
llama_memory_recurrent, layer  53: dev = CPU
llama_memory_recurrent, layer  54: dev = CPU
llama_memory_recurrent: layer  55: skipped
llama_memory_recurrent, layer  56: dev = CPU
llama_memory_recurrent, layer  57: dev = CPU
llama_memory_recurrent, layer  58: dev = CPU
llama_memory_recurrent: layer  59: skipped
llama_memory_recurrent, layer  60: dev = CPU
llama_memory_recurrent, layer  61: dev = CPU
llama_memory_recurrent, layer  62: dev = CPU
llama_memory_recurrent: layer  63: skipped
llama_memory_recurrent:        CPU RS buffer size =   149.62 MiB
llama_memory_recurrent: size =  149.62 MiB (     1 cells,  64 layers,  1 seqs  0 rs_seq), R (f32):    5.62 MiB, S (f32):  144.00 MiB, P (f32):    0.00 MiB
llama_context: enumerating backends
llama_context: backend_ptrs.size() = 2
sched_reserve: reserving ...
sched_reserve: max_nodes = 81920
sched_reserve: reserving full memory module
sched_reserve: worst-case: n_tokens = 2048, n_seqs = 1, n_outputs = 1
graph_reserve: reserving a graph for ubatch with n_tokens =    1, n_seqs =  1, n_outputs =    1
resolve_fused_ops: Flash Attention enabled
resolve_fused_ops: resolving fused DeepSeek V4 HC support:
graph_reserve: reserving a graph for ubatch with n_tokens =    1, n_seqs =  1, n_outputs =    1
resolve_fused_ops: fused DeepSeek V4 HC pre enabled
graph_reserve: reserving a graph for ubatch with n_tokens =    1, n_seqs =  1, n_outputs =    1
resolve_fused_ops: fused DeepSeek V4 HC comb enabled
graph_reserve: reserving a graph for ubatch with n_tokens =    1, n_seqs =  1, n_outputs =    1
resolve_fused_ops: fused DeepSeek V4 HC post enabled
graph_reserve: reserving a graph for ubatch with n_tokens = 2048, n_seqs =  1, n_outputs = 2048
graph_reserve: reserving a graph for ubatch with n_tokens =    1, n_seqs =  1, n_outputs =    1
graph_reserve: reserving a graph for ubatch with n_tokens = 2048, n_seqs =  1, n_outputs = 2048
sched_reserve:      ROCm0 compute buffer size =  3308.31 MiB
sched_reserve:  ROCm_Host compute buffer size =   136.19 MiB
sched_reserve: graph nodes  = 3655
sched_reserve: graph splits = 1028 (with bs=2048), 97 (with bs=1)
sched_reserve: reserve took 173.94 ms, sched copies = 1
attach_threadpool: call
llama-bench: benchmark 1/1: warmup prompt run
set_n_threads: n_threads = 6, n_threads_batch = 6
llama-bench: benchmark 1/1: depth run 1/1
set_n_threads: n_threads = 6, n_threads_batch = 6
CUDA Graph id 2551 reused
ggml_backend_cuda_graph_compute: CUDA graph warmup complete
CUDA Graph id 2552 reused
ggml_backend_cuda_graph_compute: CUDA graph warmup complete
CUDA Graph id 2554 reused
ggml_backend_cuda_graph_compute: CUDA graph warmup complete
CUDA Graph id 2556 reused
ggml_backend_cuda_graph_compute: CUDA graph warmup complete
CUDA Graph id 2557 reused
ggml_backend_cuda_graph_compute: CUDA graph warmup complete
CUDA Graph id 2558 reused
ggml_backend_cuda_graph_compute: CUDA graph warmup complete
CUDA Graph id 2559 reused
ggml_backend_cuda_graph_compute: CUDA graph warmup complete
CUDA Graph id 2560 reused
ggml_backend_cuda_graph_compute: CUDA graph warmup complete
CUDA Graph id 2562 reused
ggml_backend_cuda_graph_compute: CUDA graph warmup complete
CUDA Graph id 2563 reused
ggml_backend_cuda_graph_compute: CUDA graph warmup complete
CUDA Graph id 2564 reused
ggml_backend_cuda_graph_compute: CUDA graph warmup complete
CUDA Graph id 2565 reused
ggml_backend_cuda_graph_compute: CUDA graph warmup complete
CUDA Graph id 2566 reused
ggml_backend_cuda_graph_compute: CUDA graph warmup complete
CUDA Graph id 2567 reused
ggml_backend_cuda_graph_compute: CUDA graph warmup complete
CUDA Graph id 2568 reused
ggml_backend_cuda_graph_compute: CUDA graph warmup complete
CUDA Graph id 2569 reused
ggml_backend_cuda_graph_compute: CUDA graph warmup complete
CUDA Graph id 2571 reused
ggml_backend_cuda_graph_compute: CUDA graph warmup complete
CUDA Graph id 2573 reused
ggml_backend_cuda_graph_compute: CUDA graph warmup complete
CUDA Graph id 2574 reused
ggml_backend_cuda_graph_compute: CUDA graph warmup complete
CUDA Graph id 2575 reused
ggml_backend_cuda_graph_compute: CUDA graph warmup complete
CUDA Graph id 2576 reused
ggml_backend_cuda_graph_compute: CUDA graph warmup complete
CUDA Graph id 2577 reused
ggml_backend_cuda_graph_compute: CUDA graph warmup complete
CUDA Graph id 2579 reused
ggml_backend_cuda_graph_compute: CUDA graph warmup complete
CUDA Graph id 2580 reused
ggml_backend_cuda_graph_compute: CUDA graph warmup complete
CUDA Graph id 2581 reused
ggml_backend_cuda_graph_compute: CUDA graph warmup complete
CUDA Graph id 2582 reused
ggml_backend_cuda_graph_compute: CUDA graph warmup complete
CUDA Graph id 2583 reused
ggml_backend_cuda_graph_compute: CUDA graph warmup complete
CUDA Graph id 2584 reused
ggml_backend_cuda_graph_compute: CUDA graph warmup complete
CUDA Graph id 2585 reused
ggml_backend_cuda_graph_compute: CUDA graph warmup complete
CUDA Graph id 2586 reused
ggml_backend_cuda_graph_compute: CUDA graph warmup complete
CUDA Graph id 2588 reused
ggml_backend_cuda_graph_compute: CUDA graph warmup complete
CUDA Graph id 2590 reused
ggml_backend_cuda_graph_compute: CUDA graph warmup complete
CUDA Graph id 2591 reused
ggml_backend_cuda_graph_compute: CUDA graph warmup complete
CUDA Graph id 2592 reused
ggml_backend_cuda_graph_compute: CUDA graph warmup complete
CUDA Graph id 2593 reused
ggml_backend_cuda_graph_compute: CUDA graph warmup complete
CUDA Graph id 2594 reused
ggml_backend_cuda_graph_compute: CUDA graph warmup complete
CUDA Graph id 2596 reused
ggml_backend_cuda_graph_compute: CUDA graph warmup complete
CUDA Graph id 2597 reused
ggml_backend_cuda_graph_compute: CUDA graph warmup complete
CUDA Graph id 2598 reused
ggml_backend_cuda_graph_compute: CUDA graph warmup complete
CUDA Graph id 2599 reused
ggml_backend_cuda_graph_compute: CUDA graph warmup complete
CUDA Graph id 2600 reused
ggml_backend_cuda_graph_compute: CUDA graph warmup complete
CUDA Graph id 2601 reused
ggml_backend_cuda_graph_compute: CUDA graph warmup complete
CUDA Graph id 2602 reused
ggml_backend_cuda_graph_compute: CUDA graph warmup complete
CUDA Graph id 2603 reused
ggml_backend_cuda_graph_compute: CUDA graph warmup complete
CUDA Graph id 2604 reused
ggml_backend_cuda_graph_compute: CUDA graph warmup complete
CUDA Graph id 2605 reused
ggml_backend_cuda_graph_compute: CUDA graph warmup complete
CUDA Graph id 2606 reused
ggml_backend_cuda_graph_compute: CUDA graph warmup complete
CUDA Graph id 2607 reused
ggml_backend_cuda_graph_compute: CUDA graph warmup complete
CUDA Graph id 2608 reused
ggml_backend_cuda_graph_compute: CUDA graph warmup complete
CUDA Graph id 2610 reused
ggml_backend_cuda_graph_compute: CUDA graph warmup complete
CUDA Graph id 2611 reused
ggml_backend_cuda_graph_compute: CUDA graph warmup complete
CUDA Graph id 2612 reused
ggml_backend_cuda_graph_compute: CUDA graph warmup complete
CUDA Graph id 2613 reused
ggml_backend_cuda_graph_compute: CUDA graph warmup complete
CUDA Graph id 2614 reused
ggml_backend_cuda_graph_compute: CUDA graph warmup complete
CUDA Graph id 2615 reused
ggml_backend_cuda_graph_compute: CUDA graph warmup complete
CUDA Graph id 2616 reused
ggml_backend_cuda_graph_compute: CUDA graph warmup complete
CUDA Graph id 2618 reused
ggml_backend_cuda_graph_compute: CUDA graph warmup complete
CUDA Graph id 2620 reused
ggml_backend_cuda_graph_compute: CUDA graph warmup complete
CUDA Graph id 2621 reused
ggml_backend_cuda_graph_compute: CUDA graph warmup complete
CUDA Graph id 2622 reused
ggml_backend_cuda_graph_compute: CUDA graph warmup complete
CUDA Graph id 2623 reused
ggml_backend_cuda_graph_compute: CUDA graph warmup complete
CUDA Graph id 2624 reused
ggml_backend_cuda_graph_compute: CUDA graph warmup complete
CUDA Graph id 2626 reused
ggml_backend_cuda_graph_compute: CUDA graph warmup complete
CUDA Graph id 2627 reused
ggml_backend_cuda_graph_compute: CUDA graph warmup complete
CUDA Graph id 2628 reused
ggml_backend_cuda_graph_compute: CUDA graph warmup complete
CUDA Graph id 2629 reused
ggml_backend_cuda_graph_compute: CUDA graph warmup complete
CUDA Graph id 2630 reused
ggml_backend_cuda_graph_compute: CUDA graph warmup complete
CUDA Graph id 2631 reused
ggml_backend_cuda_graph_compute: CUDA graph warmup complete
CUDA Graph id 2632 reused
ggml_backend_cuda_graph_compute: CUDA graph warmup complete
CUDA Graph id 2633 reused
ggml_backend_cuda_graph_compute: CUDA graph warmup complete
CUDA Graph id 2635 reused
ggml_backend_cuda_graph_compute: CUDA graph warmup complete
CUDA Graph id 2637 reused
ggml_backend_cuda_graph_compute: CUDA graph warmup complete
CUDA Graph id 2638 reused
ggml_backend_cuda_graph_compute: CUDA graph warmup complete
CUDA Graph id 2639 reused
ggml_backend_cuda_graph_compute: CUDA graph warmup complete
CUDA Graph id 2640 reused
ggml_backend_cuda_graph_compute: CUDA graph warmup complete
CUDA Graph id 2641 reused
ggml_backend_cuda_graph_compute: CUDA graph warmup complete
CUDA Graph id 2643 reused
ggml_backend_cuda_graph_compute: CUDA graph warmup complete
CUDA Graph id 2644 reused
ggml_backend_cuda_graph_compute: CUDA graph warmup complete
CUDA Graph id 2645 reused
ggml_backend_cuda_graph_compute: CUDA graph warmup complete
CUDA Graph id 2646 reused
ggml_backend_cuda_graph_compute: CUDA graph warmup complete
CUDA Graph id 2647 reused
ggml_backend_cuda_graph_compute: CUDA graph warmup complete
CUDA Graph id 2648 reused
ggml_backend_cuda_graph_compute: CUDA graph warmup complete
CUDA Graph id 2649 reused
ggml_backend_cuda_graph_compute: CUDA graph warmup complete
CUDA Graph id 2650 reused
ggml_backend_cuda_graph_compute: CUDA graph warmup complete
CUDA Graph id 2652 reused
ggml_backend_cuda_graph_compute: CUDA graph warmup complete
CUDA Graph id 2654 reused
ggml_backend_cuda_graph_compute: CUDA graph warmup complete
CUDA Graph id 2655 reused
ggml_backend_cuda_graph_compute: CUDA graph warmup complete
CUDA Graph id 2656 reused
ggml_backend_cuda_graph_compute: CUDA graph warmup complete
CUDA Graph id 2657 reused
ggml_backend_cuda_graph_compute: CUDA graph warmup complete
CUDA Graph id 2658 reused
ggml_backend_cuda_graph_compute: CUDA graph warmup complete
CUDA Graph id 2660 reused
ggml_backend_cuda_graph_compute: CUDA graph warmup complete
CUDA Graph id 2661 reused
ggml_backend_cuda_graph_compute: CUDA graph warmup complete
CUDA Graph id 2662 reused
ggml_backend_cuda_graph_compute: CUDA graph warmup complete
CUDA Graph id 2663 reused
ggml_backend_cuda_graph_compute: CUDA graph warmup complete
CUDA Graph id 2664 reused
ggml_backend_cuda_graph_compute: CUDA graph warmup complete
CUDA Graph id 2665 reused
ggml_backend_cuda_graph_compute: CUDA graph warmup complete
CUDA Graph id 2666 reused
ggml_backend_cuda_graph_compute: CUDA graph warmup complete
CUDA Graph id 2667 reused
ggml_backend_cuda_graph_compute: CUDA graph warmup complete
CUDA Graph id 2668 reused
ggml_backend_cuda_graph_compute: CUDA graph warmup complete
CUDA Graph id 2669 reused
ggml_backend_cuda_graph_compute: CUDA graph warmup complete
CUDA Graph id 2670 reused
ggml_backend_cuda_graph_compute: CUDA graph warmup complete
CUDA Graph id 2671 reused
ggml_backend_cuda_graph_compute: CUDA graph warmup complete
CUDA Graph id 2672 reused
ggml_backend_cuda_graph_compute: CUDA graph warmup complete
CUDA Graph id 2674 reused
ggml_backend_cuda_graph_compute: CUDA graph warmup complete
CUDA Graph id 2675 reused
ggml_backend_cuda_graph_compute: CUDA graph warmup complete
CUDA Graph id 2676 reused
ggml_backend_cuda_graph_compute: CUDA graph warmup complete
CUDA Graph id 2677 reused
ggml_backend_cuda_graph_compute: CUDA graph warmup complete
CUDA Graph id 2678 reused
ggml_backend_cuda_graph_compute: CUDA graph warmup complete
CUDA Graph id 2679 reused
ggml_backend_cuda_graph_compute: CUDA graph warmup complete
CUDA Graph id 2680 reused
ggml_backend_cuda_graph_compute: CUDA graph warmup complete
CUDA Graph id 2682 reused
ggml_backend_cuda_graph_compute: CUDA graph warmup complete
CUDA Graph id 2684 reused
ggml_backend_cuda_graph_compute: CUDA graph warmup complete
CUDA Graph id 2685 reused
ggml_backend_cuda_graph_compute: CUDA graph warmup complete
CUDA Graph id 2686 reused
ggml_backend_cuda_graph_compute: CUDA graph warmup complete
CUDA Graph id 2687 reused
ggml_backend_cuda_graph_compute: CUDA graph warmup complete
CUDA Graph id 2688 reused
ggml_backend_cuda_graph_compute: CUDA graph warmup complete
CUDA Graph id 2690 reused
ggml_backend_cuda_graph_compute: CUDA graph warmup complete
CUDA Graph id 2691 reused
ggml_backend_cuda_graph_compute: CUDA graph warmup complete
CUDA Graph id 2692 reused
ggml_backend_cuda_graph_compute: CUDA graph warmup complete
CUDA Graph id 2693 reused
ggml_backend_cuda_graph_compute: CUDA graph warmup complete
CUDA Graph id 2694 reused
ggml_backend_cuda_graph_compute: CUDA graph warmup complete
CUDA Graph id 2695 reused
ggml_backend_cuda_graph_compute: CUDA graph warmup complete
CUDA Graph id 2696 reused
ggml_backend_cuda_graph_compute: CUDA graph warmup complete
CUDA Graph id 2697 reused
ggml_backend_cuda_graph_compute: CUDA graph warmup complete
CUDA Graph id 2699 reused
ggml_backend_cuda_graph_compute: CUDA graph warmup complete
CUDA Graph id 2701 reused
ggml_backend_cuda_graph_compute: CUDA graph warmup complete
CUDA Graph id 2702 reused
ggml_backend_cuda_graph_compute: CUDA graph warmup complete
CUDA Graph id 2703 reused
ggml_backend_cuda_graph_compute: CUDA graph warmup complete
CUDA Graph id 2704 reused
ggml_backend_cuda_graph_compute: CUDA graph warmup complete
CUDA Graph id 2705 reused
ggml_backend_cuda_graph_compute: CUDA graph warmup complete
CUDA Graph id 2707 reused
ggml_backend_cuda_graph_compute: CUDA graph warmup complete
CUDA Graph id 2708 reused
ggml_backend_cuda_graph_compute: CUDA graph warmup complete
CUDA Graph id 2709 reused
ggml_backend_cuda_graph_compute: CUDA graph warmup complete
CUDA Graph id 2710 reused
ggml_backend_cuda_graph_compute: CUDA graph warmup complete
CUDA Graph id 2711 reused
ggml_backend_cuda_graph_compute: CUDA graph warmup complete
CUDA Graph id 2712 reused
ggml_backend_cuda_graph_compute: CUDA graph warmup complete
CUDA Graph id 2713 reused
ggml_backend_cuda_graph_compute: CUDA graph warmup complete
CUDA Graph id 2714 reused
ggml_backend_cuda_graph_compute: CUDA graph warmup complete
CUDA Graph id 2716 reused
ggml_backend_cuda_graph_compute: CUDA graph warmup complete
CUDA Graph id 2718 reused
ggml_backend_cuda_graph_compute: CUDA graph warmup complete
CUDA Graph id 2719 reused
ggml_backend_cuda_graph_compute: CUDA graph warmup complete
CUDA Graph id 2720 reused
ggml_backend_cuda_graph_compute: CUDA graph warmup complete
CUDA Graph id 2721 reused
ggml_backend_cuda_graph_compute: CUDA graph warmup complete
CUDA Graph id 2722 reused
ggml_backend_cuda_graph_compute: CUDA graph warmup complete
CUDA Graph id 2724 reused
ggml_backend_cuda_graph_compute: CUDA graph warmup complete
CUDA Graph id 2725 reused
ggml_backend_cuda_graph_compute: CUDA graph warmup complete
CUDA Graph id 2726 reused
ggml_backend_cuda_graph_compute: CUDA graph warmup complete
CUDA Graph id 2727 reused
ggml_backend_cuda_graph_compute: CUDA graph warmup complete
CUDA Graph id 2728 reused
ggml_backend_cuda_graph_compute: CUDA graph warmup complete
CUDA Graph id 2729 reused
ggml_backend_cuda_graph_compute: CUDA graph warmup complete
CUDA Graph id 2730 reused
ggml_backend_cuda_graph_compute: CUDA graph warmup complete
CUDA Graph id 2731 reused
ggml_backend_cuda_graph_compute: CUDA graph warmup complete
CUDA Graph id 2732 reused
ggml_backend_cuda_graph_compute: CUDA graph warmup complete
CUDA Graph id 2733 reused
ggml_backend_cuda_graph_compute: CUDA graph warmup complete
CUDA Graph id 2734 reused
ggml_backend_cuda_graph_compute: CUDA graph warmup complete
CUDA Graph id 2735 reused
ggml_backend_cuda_graph_compute: CUDA graph warmup complete
CUDA Graph id 2736 reused
ggml_backend_cuda_graph_compute: CUDA graph warmup complete
CUDA Graph id 2738 reused
ggml_backend_cuda_graph_compute: CUDA graph warmup complete
CUDA Graph id 2739 reused
ggml_backend_cuda_graph_compute: CUDA graph warmup complete
CUDA Graph id 2740 reused
ggml_backend_cuda_graph_compute: CUDA graph warmup complete
CUDA Graph id 2741 reused
ggml_backend_cuda_graph_compute: CUDA graph warmup complete
CUDA Graph id 2742 reused
ggml_backend_cuda_graph_compute: CUDA graph warmup complete
CUDA Graph id 2743 reused
ggml_backend_cuda_graph_compute: CUDA graph warmup complete
CUDA Graph id 2744 reused
ggml_backend_cuda_graph_compute: CUDA graph warmup complete
CUDA Graph id 2746 reused
ggml_backend_cuda_graph_compute: CUDA graph warmup complete
CUDA Graph id 2748 reused
ggml_backend_cuda_graph_compute: CUDA graph warmup complete
CUDA Graph id 2749 reused
ggml_backend_cuda_graph_compute: CUDA graph warmup complete
CUDA Graph id 2750 reused
ggml_backend_cuda_graph_compute: CUDA graph warmup complete
CUDA Graph id 2751 reused
ggml_backend_cuda_graph_compute: CUDA graph warmup complete
CUDA Graph id 2752 reused
ggml_backend_cuda_graph_compute: CUDA graph warmup complete
CUDA Graph id 2754 reused
ggml_backend_cuda_graph_compute: CUDA graph warmup complete
CUDA Graph id 2755 reused
ggml_backend_cuda_graph_compute: CUDA graph warmup complete
CUDA Graph id 2756 reused
ggml_backend_cuda_graph_compute: CUDA graph warmup complete
CUDA Graph id 2757 reused
ggml_backend_cuda_graph_compute: CUDA graph warmup complete
CUDA Graph id 2758 reused
ggml_backend_cuda_graph_compute: CUDA graph warmup complete
CUDA Graph id 2759 reused
ggml_backend_cuda_graph_compute: CUDA graph warmup complete
CUDA Graph id 2760 reused
ggml_backend_cuda_graph_compute: CUDA graph warmup complete
CUDA Graph id 2761 reused
ggml_backend_cuda_graph_compute: CUDA graph warmup complete
CUDA Graph id 2763 reused
ggml_backend_cuda_graph_compute: CUDA graph warmup complete
CUDA Graph id 2765 reused
ggml_backend_cuda_graph_compute: CUDA graph warmup complete
CUDA Graph id 2766 reused
ggml_backend_cuda_graph_compute: CUDA graph warmup complete
CUDA Graph id 2767 reused
ggml_backend_cuda_graph_compute: CUDA graph warmup complete
CUDA Graph id 2768 reused
ggml_backend_cuda_graph_compute: CUDA graph warmup complete
CUDA Graph id 2769 reused
ggml_backend_cuda_graph_compute: CUDA graph warmup complete
CUDA Graph id 2771 reused
ggml_backend_cuda_graph_compute: CUDA graph warmup complete
CUDA Graph id 2772 reused
ggml_backend_cuda_graph_compute: CUDA graph warmup complete
CUDA Graph id 2773 reused
ggml_backend_cuda_graph_compute: CUDA graph warmup complete
CUDA Graph id 2774 reused
ggml_backend_cuda_graph_compute: CUDA graph warmup complete
CUDA Graph id 2775 reused
ggml_backend_cuda_graph_compute: CUDA graph warmup complete
CUDA Graph id 2776 reused
ggml_backend_cuda_graph_compute: CUDA graph warmup complete
CUDA Graph id 2777 reused
ggml_backend_cuda_graph_compute: CUDA graph warmup complete
CUDA Graph id 2778 reused
ggml_backend_cuda_graph_compute: CUDA graph warmup complete
CUDA Graph id 2780 reused
ggml_backend_cuda_graph_compute: CUDA graph warmup complete
CUDA Graph id 2782 reused
ggml_backend_cuda_graph_compute: CUDA graph warmup complete
CUDA Graph id 2783 reused
ggml_backend_cuda_graph_compute: CUDA graph warmup complete
CUDA Graph id 2784 reused
ggml_backend_cuda_graph_compute: CUDA graph warmup complete
CUDA Graph id 2785 reused
ggml_backend_cuda_graph_compute: CUDA graph warmup complete
CUDA Graph id 2786 reused
ggml_backend_cuda_graph_compute: CUDA graph warmup complete
CUDA Graph id 2788 reused
ggml_backend_cuda_graph_compute: CUDA graph warmup complete
CUDA Graph id 2789 reused
ggml_backend_cuda_graph_compute: CUDA graph warmup complete
CUDA Graph id 2790 reused
ggml_backend_cuda_graph_compute: CUDA graph warmup complete
CUDA Graph id 2791 reused
ggml_backend_cuda_graph_compute: CUDA graph warmup complete
CUDA Graph id 2792 reused
ggml_backend_cuda_graph_compute: CUDA graph warmup complete
CUDA Graph id 2793 reused
ggml_backend_cuda_graph_compute: CUDA graph warmup complete
CUDA Graph id 2794 reused
ggml_backend_cuda_graph_compute: CUDA graph warmup complete
CUDA Graph id 2795 reused
ggml_backend_cuda_graph_compute: CUDA graph warmup complete
CUDA Graph id 2796 reused
ggml_backend_cuda_graph_compute: CUDA graph warmup complete
CUDA Graph id 2797 reused
ggml_backend_cuda_graph_compute: CUDA graph warmup complete
CUDA Graph id 2798 reused
ggml_backend_cuda_graph_compute: CUDA graph warmup complete
CUDA Graph id 2799 reused
ggml_backend_cuda_graph_compute: CUDA graph warmup complete
CUDA Graph id 2800 reused
ggml_backend_cuda_graph_compute: CUDA graph warmup complete
CUDA Graph id 2802 reused
ggml_backend_cuda_graph_compute: CUDA graph warmup complete
CUDA Graph id 2803 reused
ggml_backend_cuda_graph_compute: CUDA graph warmup complete
CUDA Graph id 2804 reused
ggml_backend_cuda_graph_compute: CUDA graph warmup complete
CUDA Graph id 2805 reused
ggml_backend_cuda_graph_compute: CUDA graph warmup complete
CUDA Graph id 2806 reused
ggml_backend_cuda_graph_compute: CUDA graph warmup complete
CUDA Graph id 2807 reused
ggml_backend_cuda_graph_compute: CUDA graph warmup complete
CUDA Graph id 2808 reused
ggml_backend_cuda_graph_compute: CUDA graph warmup complete
CUDA Graph id 2810 reused
ggml_backend_cuda_graph_compute: CUDA graph warmup complete
CUDA Graph id 2812 reused
ggml_backend_cuda_graph_compute: CUDA graph warmup complete
CUDA Graph id 2813 reused
ggml_backend_cuda_graph_compute: CUDA graph warmup complete
CUDA Graph id 2814 reused
ggml_backend_cuda_graph_compute: CUDA graph warmup complete
CUDA Graph id 2815 reused
ggml_backend_cuda_graph_compute: CUDA graph warmup complete
CUDA Graph id 2816 reused
ggml_backend_cuda_graph_compute: CUDA graph warmup complete
CUDA Graph id 2818 reused
ggml_backend_cuda_graph_compute: CUDA graph warmup complete
CUDA Graph id 2819 reused
ggml_backend_cuda_graph_compute: CUDA graph warmup complete
CUDA Graph id 2820 reused
ggml_backend_cuda_graph_compute: CUDA graph warmup complete
CUDA Graph id 2821 reused
ggml_backend_cuda_graph_compute: CUDA graph warmup complete
CUDA Graph id 2822 reused
ggml_backend_cuda_graph_compute: CUDA graph warmup complete
CUDA Graph id 2823 reused
ggml_backend_cuda_graph_compute: CUDA graph warmup complete
CUDA Graph id 2824 reused
ggml_backend_cuda_graph_compute: CUDA graph warmup complete
CUDA Graph id 2825 reused
ggml_backend_cuda_graph_compute: CUDA graph warmup complete
CUDA Graph id 2827 reused
ggml_backend_cuda_graph_compute: CUDA graph warmup complete
CUDA Graph id 2829 reused
ggml_backend_cuda_graph_compute: CUDA graph warmup complete
CUDA Graph id 2830 reused
ggml_backend_cuda_graph_compute: CUDA graph warmup complete
CUDA Graph id 2831 reused
ggml_backend_cuda_graph_compute: CUDA graph warmup complete
CUDA Graph id 2832 reused
ggml_backend_cuda_graph_compute: CUDA graph warmup complete
CUDA Graph id 2833 reused
ggml_backend_cuda_graph_compute: CUDA graph warmup complete
CUDA Graph id 2835 reused
ggml_backend_cuda_graph_compute: CUDA graph warmup complete
CUDA Graph id 2836 reused
ggml_backend_cuda_graph_compute: CUDA graph warmup complete
CUDA Graph id 2837 reused
ggml_backend_cuda_graph_compute: CUDA graph warmup complete
CUDA Graph id 2838 reused
ggml_backend_cuda_graph_compute: CUDA graph warmup complete
CUDA Graph id 2839 reused
ggml_backend_cuda_graph_compute: CUDA graph warmup complete
CUDA Graph id 2840 reused
ggml_backend_cuda_graph_compute: CUDA graph warmup complete
CUDA Graph id 2841 reused
ggml_backend_cuda_graph_compute: CUDA graph warmup complete
CUDA Graph id 2842 reused
ggml_backend_cuda_graph_compute: CUDA graph warmup complete
CUDA Graph id 2844 reused
ggml_backend_cuda_graph_compute: CUDA graph warmup complete
CUDA Graph id 2846 reused
ggml_backend_cuda_graph_compute: CUDA graph warmup complete
CUDA Graph id 2847 reused
ggml_backend_cuda_graph_compute: CUDA graph warmup complete
CUDA Graph id 2848 reused
ggml_backend_cuda_graph_compute: CUDA graph warmup complete
CUDA Graph id 2849 reused
ggml_backend_cuda_graph_compute: CUDA graph warmup complete
CUDA Graph id 2850 reused
ggml_backend_cuda_graph_compute: CUDA graph warmup complete
CUDA Graph id 2852 reused
ggml_backend_cuda_graph_compute: CUDA graph warmup complete
CUDA Graph id 2853 reused
ggml_backend_cuda_graph_compute: CUDA graph warmup complete
CUDA Graph id 2854 reused
ggml_backend_cuda_graph_compute: CUDA graph warmup complete
CUDA Graph id 2855 reused
ggml_backend_cuda_graph_compute: CUDA graph warmup complete
CUDA Graph id 2856 reused
ggml_backend_cuda_graph_compute: CUDA graph warmup complete
CUDA Graph id 2857 reused
ggml_backend_cuda_graph_compute: CUDA graph warmup complete
CUDA Graph id 2858 reused
ggml_backend_cuda_graph_compute: CUDA graph warmup complete
CUDA Graph id 2859 reused
ggml_backend_cuda_graph_compute: CUDA graph warmup complete
CUDA Graph id 2860 reused
ggml_backend_cuda_graph_compute: CUDA graph warmup complete
CUDA Graph id 2861 reused
ggml_backend_cuda_graph_compute: CUDA graph warmup complete
CUDA Graph id 2862 reused
ggml_backend_cuda_graph_compute: CUDA graph warmup complete
CUDA Graph id 2863 reused
ggml_backend_cuda_graph_compute: CUDA graph warmup complete
CUDA Graph id 2864 reused
ggml_backend_cuda_graph_compute: CUDA graph warmup complete
CUDA Graph id 2866 reused
ggml_backend_cuda_graph_compute: CUDA graph warmup complete
CUDA Graph id 2867 reused
ggml_backend_cuda_graph_compute: CUDA graph warmup complete
CUDA Graph id 2868 reused
ggml_backend_cuda_graph_compute: CUDA graph warmup complete
CUDA Graph id 2869 reused
ggml_backend_cuda_graph_compute: CUDA graph warmup complete
CUDA Graph id 2870 reused
ggml_backend_cuda_graph_compute: CUDA graph warmup complete
CUDA Graph id 2871 reused
ggml_backend_cuda_graph_compute: CUDA graph warmup complete
CUDA Graph id 2872 reused
ggml_backend_cuda_graph_compute: CUDA graph warmup complete
CUDA Graph id 2874 reused
ggml_backend_cuda_graph_compute: CUDA graph warmup complete
CUDA Graph id 2876 reused
ggml_backend_cuda_graph_compute: CUDA graph warmup complete
CUDA Graph id 2877 reused
ggml_backend_cuda_graph_compute: CUDA graph warmup complete
CUDA Graph id 2878 reused
ggml_backend_cuda_graph_compute: CUDA graph warmup complete
CUDA Graph id 2879 reused
ggml_backend_cuda_graph_compute: CUDA graph warmup complete
CUDA Graph id 2880 reused
ggml_backend_cuda_graph_compute: CUDA graph warmup complete
CUDA Graph id 2882 reused
ggml_backend_cuda_graph_compute: CUDA graph warmup complete
CUDA Graph id 2883 reused
ggml_backend_cuda_graph_compute: CUDA graph warmup complete
CUDA Graph id 2884 reused
ggml_backend_cuda_graph_compute: CUDA graph warmup complete
CUDA Graph id 2885 reused
ggml_backend_cuda_graph_compute: CUDA graph warmup complete
CUDA Graph id 2886 reused
ggml_backend_cuda_graph_compute: CUDA graph warmup complete
CUDA Graph id 2887 reused
ggml_backend_cuda_graph_compute: CUDA graph warmup complete
CUDA Graph id 2888 reused
ggml_backend_cuda_graph_compute: CUDA graph warmup complete
CUDA Graph id 2889 reused
ggml_backend_cuda_graph_compute: CUDA graph warmup complete
CUDA Graph id 2891 reused
ggml_backend_cuda_graph_compute: CUDA graph warmup complete
CUDA Graph id 2893 reused
ggml_backend_cuda_graph_compute: CUDA graph warmup complete
CUDA Graph id 2894 reused
ggml_backend_cuda_graph_compute: CUDA graph warmup complete
CUDA Graph id 2895 reused
ggml_backend_cuda_graph_compute: CUDA graph warmup complete
CUDA Graph id 2896 reused
ggml_backend_cuda_graph_compute: CUDA graph warmup complete
CUDA Graph id 2897 reused
ggml_backend_cuda_graph_compute: CUDA graph warmup complete
CUDA Graph id 2899 reused
ggml_backend_cuda_graph_compute: CUDA graph warmup complete
CUDA Graph id 2900 reused
ggml_backend_cuda_graph_compute: CUDA graph warmup complete
CUDA Graph id 2901 reused
ggml_backend_cuda_graph_compute: CUDA graph warmup complete
CUDA Graph id 2902 reused
ggml_backend_cuda_graph_compute: CUDA graph warmup complete
CUDA Graph id 2903 reused
ggml_backend_cuda_graph_compute: CUDA graph warmup complete
CUDA Graph id 2904 reused
ggml_backend_cuda_graph_compute: CUDA graph warmup complete
CUDA Graph id 2905 reused
ggml_backend_cuda_graph_compute: CUDA graph warmup complete
CUDA Graph id 2906 reused
ggml_backend_cuda_graph_compute: CUDA graph warmup complete
CUDA Graph id 2908 reused
ggml_backend_cuda_graph_compute: CUDA graph warmup complete
CUDA Graph id 2910 reused
ggml_backend_cuda_graph_compute: CUDA graph warmup complete
CUDA Graph id 2911 reused
ggml_backend_cuda_graph_compute: CUDA graph warmup complete
CUDA Graph id 2912 reused
ggml_backend_cuda_graph_compute: CUDA graph warmup complete
CUDA Graph id 2913 reused
ggml_backend_cuda_graph_compute: CUDA graph warmup complete
CUDA Graph id 2914 reused
ggml_backend_cuda_graph_compute: CUDA graph warmup complete
CUDA Graph id 2916 reused
ggml_backend_cuda_graph_compute: CUDA graph warmup complete
CUDA Graph id 2917 reused
ggml_backend_cuda_graph_compute: CUDA graph warmup complete
CUDA Graph id 2918 reused
ggml_backend_cuda_graph_compute: CUDA graph warmup complete
CUDA Graph id 2919 reused
ggml_backend_cuda_graph_compute: CUDA graph warmup complete
CUDA Graph id 2920 reused
ggml_backend_cuda_graph_compute: CUDA graph warmup complete
CUDA Graph id 2921 reused
ggml_backend_cuda_graph_compute: CUDA graph warmup complete
CUDA Graph id 2922 reused
ggml_backend_cuda_graph_compute: CUDA graph warmup complete
CUDA Graph id 2923 reused
ggml_backend_cuda_graph_compute: CUDA graph warmup complete
CUDA Graph id 2924 reused
ggml_backend_cuda_graph_compute: CUDA graph warmup complete
CUDA Graph id 2925 reused
ggml_backend_cuda_graph_compute: CUDA graph warmup complete
CUDA Graph id 2926 reused
ggml_backend_cuda_graph_compute: CUDA graph warmup complete
CUDA Graph id 2927 reused
ggml_backend_cuda_graph_compute: CUDA graph warmup complete
CUDA Graph id 2928 reused
ggml_backend_cuda_graph_compute: CUDA graph warmup complete
CUDA Graph id 2930 reused
ggml_backend_cuda_graph_compute: CUDA graph warmup complete
CUDA Graph id 2931 reused
ggml_backend_cuda_graph_compute: CUDA graph warmup complete
CUDA Graph id 2932 reused
ggml_backend_cuda_graph_compute: CUDA graph warmup complete
CUDA Graph id 2933 reused
ggml_backend_cuda_graph_compute: CUDA graph warmup complete
CUDA Graph id 2934 reused
ggml_backend_cuda_graph_compute: CUDA graph warmup complete
CUDA Graph id 2935 reused
ggml_backend_cuda_graph_compute: CUDA graph warmup complete
CUDA Graph id 2936 reused
ggml_backend_cuda_graph_compute: CUDA graph warmup complete
CUDA Graph id 2938 reused
ggml_backend_cuda_graph_compute: CUDA graph warmup complete
CUDA Graph id 2940 reused
ggml_backend_cuda_graph_compute: CUDA graph warmup complete
CUDA Graph id 2941 reused
ggml_backend_cuda_graph_compute: CUDA graph warmup complete
CUDA Graph id 2942 reused
ggml_backend_cuda_graph_compute: CUDA graph warmup complete
CUDA Graph id 2943 reused
ggml_backend_cuda_graph_compute: CUDA graph warmup complete
CUDA Graph id 2944 reused
ggml_backend_cuda_graph_compute: CUDA graph warmup complete
CUDA Graph id 2946 reused
ggml_backend_cuda_graph_compute: CUDA graph warmup complete
CUDA Graph id 2947 reused
ggml_backend_cuda_graph_compute: CUDA graph warmup complete
CUDA Graph id 2948 reused
ggml_backend_cuda_graph_compute: CUDA graph warmup complete
CUDA Graph id 2949 reused
ggml_backend_cuda_graph_compute: CUDA graph warmup complete
CUDA Graph id 2950 reused
ggml_backend_cuda_graph_compute: CUDA graph warmup complete
CUDA Graph id 2951 reused
ggml_backend_cuda_graph_compute: CUDA graph warmup complete
CUDA Graph id 2952 reused
ggml_backend_cuda_graph_compute: CUDA graph warmup complete
CUDA Graph id 2953 reused
ggml_backend_cuda_graph_compute: CUDA graph warmup complete
CUDA Graph id 2955 reused
ggml_backend_cuda_graph_compute: CUDA graph warmup complete
CUDA Graph id 2957 reused
ggml_backend_cuda_graph_compute: CUDA graph warmup complete
CUDA Graph id 2958 reused
ggml_backend_cuda_graph_compute: CUDA graph warmup complete
CUDA Graph id 2959 reused
ggml_backend_cuda_graph_compute: CUDA graph warmup complete
CUDA Graph id 2960 reused
ggml_backend_cuda_graph_compute: CUDA graph warmup complete
CUDA Graph id 2961 reused
ggml_backend_cuda_graph_compute: CUDA graph warmup complete
CUDA Graph id 2963 reused
ggml_backend_cuda_graph_compute: CUDA graph warmup complete
CUDA Graph id 2964 reused
ggml_backend_cuda_graph_compute: CUDA graph warmup complete
CUDA Graph id 2965 reused
ggml_backend_cuda_graph_compute: CUDA graph warmup complete
CUDA Graph id 2966 reused
ggml_backend_cuda_graph_compute: CUDA graph warmup complete
CUDA Graph id 2967 reused
ggml_backend_cuda_graph_compute: CUDA graph warmup complete
CUDA Graph id 2968 reused
ggml_backend_cuda_graph_compute: CUDA graph warmup complete
CUDA Graph id 2969 reused
ggml_backend_cuda_graph_compute: CUDA graph warmup complete
CUDA Graph id 2970 reused
ggml_backend_cuda_graph_compute: CUDA graph warmup complete
CUDA Graph id 2972 reused
ggml_backend_cuda_graph_compute: CUDA graph warmup complete
CUDA Graph id 2974 reused
ggml_backend_cuda_graph_compute: CUDA graph warmup complete
CUDA Graph id 2975 reused
ggml_backend_cuda_graph_compute: CUDA graph warmup complete
CUDA Graph id 2976 reused
ggml_backend_cuda_graph_compute: CUDA graph warmup complete
CUDA Graph id 2977 reused
ggml_backend_cuda_graph_compute: CUDA graph warmup complete
CUDA Graph id 2978 reused
ggml_backend_cuda_graph_compute: CUDA graph warmup complete
CUDA Graph id 2980 reused
ggml_backend_cuda_graph_compute: CUDA graph warmup complete
CUDA Graph id 2981 reused
ggml_backend_cuda_graph_compute: CUDA graph warmup complete
CUDA Graph id 2982 reused
ggml_backend_cuda_graph_compute: CUDA graph warmup complete
CUDA Graph id 2983 reused
ggml_backend_cuda_graph_compute: CUDA graph warmup complete
CUDA Graph id 2984 reused
ggml_backend_cuda_graph_compute: CUDA graph warmup complete
CUDA Graph id 2985 reused
ggml_backend_cuda_graph_compute: CUDA graph warmup complete
CUDA Graph id 2986 reused
ggml_backend_cuda_graph_compute: CUDA graph warmup complete
CUDA Graph id 2987 reused
ggml_backend_cuda_graph_compute: CUDA graph warmup complete
CUDA Graph id 2988 reused
ggml_backend_cuda_graph_compute: CUDA graph warmup complete
CUDA Graph id 2989 reused
ggml_backend_cuda_graph_compute: CUDA graph warmup complete
CUDA Graph id 2990 reused
ggml_backend_cuda_graph_compute: CUDA graph warmup complete
CUDA Graph id 2991 reused
ggml_backend_cuda_graph_compute: CUDA graph warmup complete
CUDA Graph id 2992 reused
ggml_backend_cuda_graph_compute: CUDA graph warmup complete
CUDA Graph id 2994 reused
ggml_backend_cuda_graph_compute: CUDA graph warmup complete
CUDA Graph id 2995 reused
ggml_backend_cuda_graph_compute: CUDA graph warmup complete
CUDA Graph id 2996 reused
ggml_backend_cuda_graph_compute: CUDA graph warmup complete
CUDA Graph id 2997 reused
ggml_backend_cuda_graph_compute: CUDA graph warmup complete
CUDA Graph id 2998 reused
ggml_backend_cuda_graph_compute: CUDA graph warmup complete
CUDA Graph id 2999 reused
ggml_backend_cuda_graph_compute: CUDA graph warmup complete
CUDA Graph id 3000 reused
ggml_backend_cuda_graph_compute: CUDA graph warmup complete
CUDA Graph id 3002 reused
ggml_backend_cuda_graph_compute: CUDA graph warmup complete
CUDA Graph id 3004 reused
ggml_backend_cuda_graph_compute: CUDA graph warmup complete
CUDA Graph id 3005 reused
ggml_backend_cuda_graph_compute: CUDA graph warmup complete
CUDA Graph id 3006 reused
ggml_backend_cuda_graph_compute: CUDA graph warmup complete
CUDA Graph id 3007 reused
ggml_backend_cuda_graph_compute: CUDA graph warmup complete
CUDA Graph id 3008 reused
ggml_backend_cuda_graph_compute: CUDA graph warmup complete
CUDA Graph id 3010 reused
ggml_backend_cuda_graph_compute: CUDA graph warmup complete
CUDA Graph id 3011 reused
ggml_backend_cuda_graph_compute: CUDA graph warmup complete
CUDA Graph id 3012 reused
ggml_backend_cuda_graph_compute: CUDA graph warmup complete
CUDA Graph id 3013 reused
ggml_backend_cuda_graph_compute: CUDA graph warmup complete
CUDA Graph id 3014 reused
ggml_backend_cuda_graph_compute: CUDA graph warmup complete
CUDA Graph id 3015 reused
ggml_backend_cuda_graph_compute: CUDA graph warmup complete
CUDA Graph id 3016 reused
ggml_backend_cuda_graph_compute: CUDA graph warmup complete
CUDA Graph id 3017 reused
ggml_backend_cuda_graph_compute: CUDA graph warmup complete
CUDA Graph id 3019 reused
ggml_backend_cuda_graph_compute: CUDA graph warmup complete
CUDA Graph id 3021 reused
ggml_backend_cuda_graph_compute: CUDA graph warmup complete
CUDA Graph id 3022 reused
ggml_backend_cuda_graph_compute: CUDA graph warmup complete
CUDA Graph id 3023 reused
ggml_backend_cuda_graph_compute: CUDA graph warmup complete
CUDA Graph id 3024 reused
ggml_backend_cuda_graph_compute: CUDA graph warmup complete
CUDA Graph id 3025 reused
ggml_backend_cuda_graph_compute: CUDA graph warmup complete
CUDA Graph id 3027 reused
ggml_backend_cuda_graph_compute: CUDA graph warmup complete
CUDA Graph id 3028 reused
ggml_backend_cuda_graph_compute: CUDA graph warmup complete
CUDA Graph id 3029 reused
ggml_backend_cuda_graph_compute: CUDA graph warmup complete
CUDA Graph id 3030 reused
ggml_backend_cuda_graph_compute: CUDA graph warmup complete
CUDA Graph id 3031 reused
ggml_backend_cuda_graph_compute: CUDA graph warmup complete
CUDA Graph id 3032 reused
ggml_backend_cuda_graph_compute: CUDA graph warmup complete
CUDA Graph id 3033 reused
ggml_backend_cuda_graph_compute: CUDA graph warmup complete
CUDA Graph id 3034 reused
ggml_backend_cuda_graph_compute: CUDA graph warmup complete
CUDA Graph id 3036 reused
ggml_backend_cuda_graph_compute: CUDA graph warmup complete
CUDA Graph id 3038 reused
ggml_backend_cuda_graph_compute: CUDA graph warmup complete
CUDA Graph id 3039 reused
ggml_backend_cuda_graph_compute: CUDA graph warmup complete
CUDA Graph id 3040 reused
ggml_backend_cuda_graph_compute: CUDA graph warmup complete
CUDA Graph id 3041 reused
ggml_backend_cuda_graph_compute: CUDA graph warmup complete
CUDA Graph id 3042 reused
ggml_backend_cuda_graph_compute: CUDA graph warmup complete
CUDA Graph id 3044 reused
ggml_backend_cuda_graph_compute: CUDA graph warmup complete
CUDA Graph id 3045 reused
ggml_backend_cuda_graph_compute: CUDA graph warmup complete
CUDA Graph id 3046 reused
ggml_backend_cuda_graph_compute: CUDA graph warmup complete
CUDA Graph id 3047 reused
ggml_backend_cuda_graph_compute: CUDA graph warmup complete
CUDA Graph id 3048 reused
ggml_backend_cuda_graph_compute: CUDA graph warmup complete
CUDA Graph id 3049 reused
ggml_backend_cuda_graph_compute: CUDA graph warmup complete
CUDA Graph id 3050 reused
ggml_backend_cuda_graph_compute: CUDA graph warmup complete
CUDA Graph id 3051 reused
ggml_backend_cuda_graph_compute: CUDA graph warmup complete
CUDA Graph id 3052 reused
ggml_backend_cuda_graph_compute: CUDA graph warmup complete
CUDA Graph id 3053 reused
ggml_backend_cuda_graph_compute: CUDA graph warmup complete
CUDA Graph id 3054 reused
ggml_backend_cuda_graph_compute: CUDA graph warmup complete
CUDA Graph id 3055 reused
ggml_backend_cuda_graph_compute: CUDA graph warmup complete
CUDA Graph id 3056 reused
ggml_backend_cuda_graph_compute: CUDA graph warmup complete
CUDA Graph id 3058 reused
ggml_backend_cuda_graph_compute: CUDA graph warmup complete
CUDA Graph id 3059 reused
ggml_backend_cuda_graph_compute: CUDA graph warmup complete
CUDA Graph id 3060 reused
ggml_backend_cuda_graph_compute: CUDA graph warmup complete
CUDA Graph id 3061 reused
ggml_backend_cuda_graph_compute: CUDA graph warmup complete
CUDA Graph id 3062 reused
ggml_backend_cuda_graph_compute: CUDA graph warmup complete
CUDA Graph id 3063 reused
ggml_backend_cuda_graph_compute: CUDA graph warmup complete
CUDA Graph id 3064 reused
ggml_backend_cuda_graph_compute: CUDA graph warmup complete
CUDA Graph id 3066 reused
ggml_backend_cuda_graph_compute: CUDA graph warmup complete
CUDA Graph id 3068 reused
ggml_backend_cuda_graph_compute: CUDA graph warmup complete
CUDA Graph id 3069 reused
ggml_backend_cuda_graph_compute: CUDA graph warmup complete
CUDA Graph id 3070 reused
ggml_backend_cuda_graph_compute: CUDA graph warmup complete
CUDA Graph id 3071 reused
ggml_backend_cuda_graph_compute: CUDA graph warmup complete
CUDA Graph id 3072 reused
ggml_backend_cuda_graph_compute: CUDA graph warmup complete
CUDA Graph id 3074 reused
ggml_backend_cuda_graph_compute: CUDA graph warmup complete
CUDA Graph id 3075 reused
ggml_backend_cuda_graph_compute: CUDA graph warmup complete
CUDA Graph id 3076 reused
ggml_backend_cuda_graph_compute: CUDA graph warmup complete
CUDA Graph id 3077 reused
ggml_backend_cuda_graph_compute: CUDA graph warmup complete
CUDA Graph id 3078 reused
ggml_backend_cuda_graph_compute: CUDA graph warmup complete
CUDA Graph id 3079 reused
ggml_backend_cuda_graph_compute: CUDA graph warmup complete
CUDA Graph id 3080 reused
ggml_backend_cuda_graph_compute: CUDA graph warmup complete
CUDA Graph id 3081 reused
ggml_backend_cuda_graph_compute: CUDA graph warmup complete
CUDA Graph id 3083 reused
ggml_backend_cuda_graph_compute: CUDA graph warmup complete
CUDA Graph id 3085 reused
ggml_backend_cuda_graph_compute: CUDA graph warmup complete
CUDA Graph id 3086 reused
ggml_backend_cuda_graph_compute: CUDA graph warmup complete
CUDA Graph id 3087 reused
ggml_backend_cuda_graph_compute: CUDA graph warmup complete
CUDA Graph id 3088 reused
ggml_backend_cuda_graph_compute: CUDA graph warmup complete
CUDA Graph id 3089 reused
ggml_backend_cuda_graph_compute: CUDA graph warmup complete
CUDA Graph id 3091 reused
ggml_backend_cuda_graph_compute: CUDA graph warmup complete
CUDA Graph id 3092 reused
ggml_backend_cuda_graph_compute: CUDA graph warmup complete
CUDA Graph id 3093 reused
ggml_backend_cuda_graph_compute: CUDA graph warmup complete
CUDA Graph id 3094 reused
ggml_backend_cuda_graph_compute: CUDA graph warmup complete
CUDA Graph id 3095 reused
ggml_backend_cuda_graph_compute: CUDA graph warmup complete
CUDA Graph id 3096 reused
ggml_backend_cuda_graph_compute: CUDA graph warmup complete
CUDA Graph id 3097 reused
ggml_backend_cuda_graph_compute: CUDA graph warmup complete
CUDA Graph id 3098 reused
ggml_backend_cuda_graph_compute: CUDA graph warmup complete
CUDA Graph id 3100 reused
ggml_backend_cuda_graph_compute: CUDA graph warmup complete
CUDA Graph id 3102 reused
ggml_backend_cuda_graph_compute: CUDA graph warmup complete
CUDA Graph id 3103 reused
ggml_backend_cuda_graph_compute: CUDA graph warmup complete
CUDA Graph id 3104 reused
ggml_backend_cuda_graph_compute: CUDA graph warmup complete
CUDA Graph id 3105 reused
ggml_backend_cuda_graph_compute: CUDA graph warmup complete
CUDA Graph id 3106 reused
ggml_backend_cuda_graph_compute: CUDA graph warmup complete
CUDA Graph id 3108 reused
ggml_backend_cuda_graph_compute: CUDA graph warmup complete
CUDA Graph id 3109 reused
ggml_backend_cuda_graph_compute: CUDA graph warmup complete
CUDA Graph id 3110 reused
ggml_backend_cuda_graph_compute: CUDA graph warmup complete
CUDA Graph id 3111 reused
ggml_backend_cuda_graph_compute: CUDA graph warmup complete
CUDA Graph id 3112 reused
ggml_backend_cuda_graph_compute: CUDA graph warmup complete
CUDA Graph id 3113 reused
ggml_backend_cuda_graph_compute: CUDA graph warmup complete
CUDA Graph id 3114 reused
ggml_backend_cuda_graph_compute: CUDA graph warmup complete
CUDA Graph id 3115 reused
ggml_backend_cuda_graph_compute: CUDA graph warmup complete
CUDA Graph id 3116 reused
ggml_backend_cuda_graph_compute: CUDA graph warmup complete
CUDA Graph id 3117 reused
ggml_backend_cuda_graph_compute: CUDA graph warmup complete
CUDA Graph id 3118 reused
ggml_backend_cuda_graph_compute: CUDA graph warmup complete
CUDA Graph id 3119 reused
ggml_backend_cuda_graph_compute: CUDA graph warmup complete
CUDA Graph id 3120 reused
ggml_backend_cuda_graph_compute: CUDA graph warmup complete
CUDA Graph id 3122 reused
ggml_backend_cuda_graph_compute: CUDA graph warmup complete
CUDA Graph id 3123 reused
ggml_backend_cuda_graph_compute: CUDA graph warmup complete
CUDA Graph id 3124 reused
ggml_backend_cuda_graph_compute: CUDA graph warmup complete
CUDA Graph id 3125 reused
ggml_backend_cuda_graph_compute: CUDA graph warmup complete
CUDA Graph id 3126 reused
ggml_backend_cuda_graph_compute: CUDA graph warmup complete
CUDA Graph id 3127 reused
ggml_backend_cuda_graph_compute: CUDA graph warmup complete
CUDA Graph id 3128 reused
ggml_backend_cuda_graph_compute: CUDA graph warmup complete
CUDA Graph id 3130 reused
ggml_backend_cuda_graph_compute: CUDA graph warmup complete
CUDA Graph id 3132 reused
ggml_backend_cuda_graph_compute: CUDA graph warmup complete
CUDA Graph id 3133 reused
ggml_backend_cuda_graph_compute: CUDA graph warmup complete
CUDA Graph id 3134 reused
ggml_backend_cuda_graph_compute: CUDA graph warmup complete
CUDA Graph id 3135 reused
ggml_backend_cuda_graph_compute: CUDA graph warmup complete
CUDA Graph id 3136 reused
ggml_backend_cuda_graph_compute: CUDA graph warmup complete
CUDA Graph id 3138 reused
ggml_backend_cuda_graph_compute: CUDA graph warmup complete
CUDA Graph id 3139 reused
ggml_backend_cuda_graph_compute: CUDA graph warmup complete
CUDA Graph id 3140 reused
ggml_backend_cuda_graph_compute: CUDA graph warmup complete
CUDA Graph id 3141 reused
ggml_backend_cuda_graph_compute: CUDA graph warmup complete
CUDA Graph id 3142 reused
ggml_backend_cuda_graph_compute: CUDA graph warmup complete
CUDA Graph id 3143 reused
ggml_backend_cuda_graph_compute: CUDA graph warmup complete
CUDA Graph id 3144 reused
ggml_backend_cuda_graph_compute: CUDA graph warmup complete
CUDA Graph id 3145 reused
ggml_backend_cuda_graph_compute: CUDA graph warmup complete
CUDA Graph id 3147 reused
ggml_backend_cuda_graph_compute: CUDA graph warmup complete
CUDA Graph id 3149 reused
ggml_backend_cuda_graph_compute: CUDA graph warmup complete
CUDA Graph id 3150 reused
ggml_backend_cuda_graph_compute: CUDA graph warmup complete
CUDA Graph id 3151 reused
ggml_backend_cuda_graph_compute: CUDA graph warmup complete
CUDA Graph id 3152 reused
ggml_backend_cuda_graph_compute: CUDA graph warmup complete
CUDA Graph id 3153 reused
ggml_backend_cuda_graph_compute: CUDA graph warmup complete
CUDA Graph id 3155 reused
ggml_backend_cuda_graph_compute: CUDA graph warmup complete
CUDA Graph id 3156 reused
ggml_backend_cuda_graph_compute: CUDA graph warmup complete
CUDA Graph id 3157 reused
ggml_backend_cuda_graph_compute: CUDA graph warmup complete
CUDA Graph id 3158 reused
ggml_backend_cuda_graph_compute: CUDA graph warmup complete
CUDA Graph id 3159 reused
ggml_backend_cuda_graph_compute: CUDA graph warmup complete
CUDA Graph id 3160 reused
ggml_backend_cuda_graph_compute: CUDA graph warmup complete
CUDA Graph id 3161 reused
ggml_backend_cuda_graph_compute: CUDA graph warmup complete
CUDA Graph id 3162 reused
ggml_backend_cuda_graph_compute: CUDA graph warmup complete
CUDA Graph id 3164 reused
ggml_backend_cuda_graph_compute: CUDA graph warmup complete
CUDA Graph id 3166 reused
ggml_backend_cuda_graph_compute: CUDA graph warmup complete
CUDA Graph id 3167 reused
ggml_backend_cuda_graph_compute: CUDA graph warmup complete
CUDA Graph id 3168 reused
ggml_backend_cuda_graph_compute: CUDA graph warmup complete
CUDA Graph id 3169 reused
ggml_backend_cuda_graph_compute: CUDA graph warmup complete
CUDA Graph id 3170 reused
ggml_backend_cuda_graph_compute: CUDA graph warmup complete
CUDA Graph id 3172 reused
ggml_backend_cuda_graph_compute: CUDA graph warmup complete
CUDA Graph id 3173 reused
ggml_backend_cuda_graph_compute: CUDA graph warmup complete
CUDA Graph id 3174 reused
ggml_backend_cuda_graph_compute: CUDA graph warmup complete
CUDA Graph id 3175 reused
ggml_backend_cuda_graph_compute: CUDA graph warmup complete
CUDA Graph id 3176 reused
ggml_backend_cuda_graph_compute: CUDA graph warmup complete
CUDA Graph id 3177 reused
ggml_backend_cuda_graph_compute: CUDA graph warmup complete
CUDA Graph id 3178 reused
ggml_backend_cuda_graph_compute: CUDA graph warmup complete
CUDA Graph id 3179 reused
ggml_backend_cuda_graph_compute: CUDA graph warmup complete
CUDA Graph id 3180 reused
ggml_backend_cuda_graph_compute: CUDA graph warmup complete
CUDA Graph id 3181 reused
ggml_backend_cuda_graph_compute: CUDA graph warmup complete
CUDA Graph id 3182 reused
ggml_backend_cuda_graph_compute: CUDA graph warmup complete
CUDA Graph id 3183 reused
ggml_backend_cuda_graph_compute: CUDA graph warmup complete
CUDA Graph id 3184 reused
ggml_backend_cuda_graph_compute: CUDA graph warmup complete
CUDA Graph id 3186 reused
ggml_backend_cuda_graph_compute: CUDA graph warmup complete
CUDA Graph id 3187 reused
ggml_backend_cuda_graph_compute: CUDA graph warmup complete
CUDA Graph id 3188 reused
ggml_backend_cuda_graph_compute: CUDA graph warmup complete
CUDA Graph id 3189 reused
ggml_backend_cuda_graph_compute: CUDA graph warmup complete
CUDA Graph id 3190 reused
ggml_backend_cuda_graph_compute: CUDA graph warmup complete
CUDA Graph id 3191 reused
ggml_backend_cuda_graph_compute: CUDA graph warmup complete
CUDA Graph id 3192 reused
ggml_backend_cuda_graph_compute: CUDA graph warmup complete
CUDA Graph id 3194 reused
ggml_backend_cuda_graph_compute: CUDA graph warmup complete
CUDA Graph id 3196 reused
ggml_backend_cuda_graph_compute: CUDA graph warmup complete
CUDA Graph id 3197 reused
ggml_backend_cuda_graph_compute: CUDA graph warmup complete
CUDA Graph id 3198 reused
ggml_backend_cuda_graph_compute: CUDA graph warmup complete
CUDA Graph id 3199 reused
ggml_backend_cuda_graph_compute: CUDA graph warmup complete
CUDA Graph id 3200 reused
ggml_backend_cuda_graph_compute: CUDA graph warmup complete
CUDA Graph id 3202 reused
ggml_backend_cuda_graph_compute: CUDA graph warmup complete
CUDA Graph id 3203 reused
ggml_backend_cuda_graph_compute: CUDA graph warmup complete
CUDA Graph id 3204 reused
ggml_backend_cuda_graph_compute: CUDA graph warmup complete
CUDA Graph id 3205 reused
ggml_backend_cuda_graph_compute: CUDA graph warmup complete
CUDA Graph id 3206 reused
ggml_backend_cuda_graph_compute: CUDA graph warmup complete
CUDA Graph id 3207 reused
ggml_backend_cuda_graph_compute: CUDA graph warmup complete
CUDA Graph id 3208 reused
ggml_backend_cuda_graph_compute: CUDA graph warmup complete
CUDA Graph id 3209 reused
ggml_backend_cuda_graph_compute: CUDA graph warmup complete
CUDA Graph id 3211 reused
ggml_backend_cuda_graph_compute: CUDA graph warmup complete
CUDA Graph id 3213 reused
ggml_backend_cuda_graph_compute: CUDA graph warmup complete
CUDA Graph id 3214 reused
ggml_backend_cuda_graph_compute: CUDA graph warmup complete
CUDA Graph id 3215 reused
ggml_backend_cuda_graph_compute: CUDA graph warmup complete
CUDA Graph id 3216 reused
ggml_backend_cuda_graph_compute: CUDA graph warmup complete
CUDA Graph id 3217 reused
ggml_backend_cuda_graph_compute: CUDA graph warmup complete
CUDA Graph id 3219 reused
ggml_backend_cuda_graph_compute: CUDA graph warmup complete
CUDA Graph id 3220 reused
ggml_backend_cuda_graph_compute: CUDA graph warmup complete
CUDA Graph id 3221 reused
ggml_backend_cuda_graph_compute: CUDA graph warmup complete
CUDA Graph id 3222 reused
ggml_backend_cuda_graph_compute: CUDA graph warmup complete
CUDA Graph id 3223 reused
ggml_backend_cuda_graph_compute: CUDA graph warmup complete
CUDA Graph id 3224 reused
ggml_backend_cuda_graph_compute: CUDA graph warmup complete
CUDA Graph id 3225 reused
ggml_backend_cuda_graph_compute: CUDA graph warmup complete
CUDA Graph id 3226 reused
ggml_backend_cuda_graph_compute: CUDA graph warmup complete
CUDA Graph id 3228 reused
ggml_backend_cuda_graph_compute: CUDA graph warmup complete
CUDA Graph id 3230 reused
ggml_backend_cuda_graph_compute: CUDA graph warmup complete
CUDA Graph id 3231 reused
ggml_backend_cuda_graph_compute: CUDA graph warmup complete
CUDA Graph id 3232 reused
ggml_backend_cuda_graph_compute: CUDA graph warmup complete
CUDA Graph id 3233 reused
ggml_backend_cuda_graph_compute: CUDA graph warmup complete
CUDA Graph id 3234 reused
ggml_backend_cuda_graph_compute: CUDA graph warmup complete
CUDA Graph id 3236 reused
ggml_backend_cuda_graph_compute: CUDA graph warmup complete
CUDA Graph id 3237 reused
ggml_backend_cuda_graph_compute: CUDA graph warmup complete
CUDA Graph id 3238 reused
ggml_backend_cuda_graph_compute: CUDA graph warmup complete
CUDA Graph id 3239 reused
ggml_backend_cuda_graph_compute: CUDA graph warmup complete
CUDA Graph id 3240 reused
ggml_backend_cuda_graph_compute: CUDA graph warmup complete
CUDA Graph id 3241 reused
ggml_backend_cuda_graph_compute: CUDA graph warmup complete
CUDA Graph id 3242 reused
ggml_backend_cuda_graph_compute: CUDA graph warmup complete
CUDA Graph id 3243 reused
ggml_backend_cuda_graph_compute: CUDA graph warmup complete
CUDA Graph id 3244 reused
ggml_backend_cuda_graph_compute: CUDA graph warmup complete
CUDA Graph id 3245 reused
ggml_backend_cuda_graph_compute: CUDA graph warmup complete
CUDA Graph id 3246 reused
ggml_backend_cuda_graph_compute: CUDA graph warmup complete
CUDA Graph id 3247 reused
ggml_backend_cuda_graph_compute: CUDA graph warmup complete
CUDA Graph id 3248 reused
ggml_backend_cuda_graph_compute: CUDA graph warmup complete
CUDA Graph id 3250 reused
ggml_backend_cuda_graph_compute: CUDA graph warmup complete
CUDA Graph id 3251 reused
ggml_backend_cuda_graph_compute: CUDA graph warmup complete
CUDA Graph id 3252 reused
ggml_backend_cuda_graph_compute: CUDA graph warmup complete
CUDA Graph id 3253 reused
ggml_backend_cuda_graph_compute: CUDA graph warmup complete
CUDA Graph id 3254 reused
ggml_backend_cuda_graph_compute: CUDA graph warmup complete
CUDA Graph id 3255 reused
ggml_backend_cuda_graph_compute: CUDA graph warmup complete
CUDA Graph id 3256 reused
ggml_backend_cuda_graph_compute: CUDA graph warmup complete
CUDA Graph id 3258 reused
ggml_backend_cuda_graph_compute: CUDA graph warmup complete
CUDA Graph id 3260 reused
ggml_backend_cuda_graph_compute: CUDA graph warmup complete
CUDA Graph id 3261 reused
ggml_backend_cuda_graph_compute: CUDA graph warmup complete
CUDA Graph id 3262 reused
ggml_backend_cuda_graph_compute: CUDA graph warmup complete
CUDA Graph id 3263 reused
ggml_backend_cuda_graph_compute: CUDA graph warmup complete
CUDA Graph id 3264 reused
ggml_backend_cuda_graph_compute: CUDA graph warmup complete
CUDA Graph id 3266 reused
ggml_backend_cuda_graph_compute: CUDA graph warmup complete
CUDA Graph id 3267 reused
ggml_backend_cuda_graph_compute: CUDA graph warmup complete
CUDA Graph id 3268 reused
ggml_backend_cuda_graph_compute: CUDA graph warmup complete
CUDA Graph id 3269 reused
ggml_backend_cuda_graph_compute: CUDA graph warmup complete
CUDA Graph id 3270 reused
ggml_backend_cuda_graph_compute: CUDA graph warmup complete
CUDA Graph id 3271 reused
ggml_backend_cuda_graph_compute: CUDA graph warmup complete
CUDA Graph id 3272 reused
ggml_backend_cuda_graph_compute: CUDA graph warmup complete
CUDA Graph id 3273 reused
ggml_backend_cuda_graph_compute: CUDA graph warmup complete
CUDA Graph id 3275 reused
ggml_backend_cuda_graph_compute: CUDA graph warmup complete
CUDA Graph id 3277 reused
ggml_backend_cuda_graph_compute: CUDA graph warmup complete
CUDA Graph id 3278 reused
ggml_backend_cuda_graph_compute: CUDA graph warmup complete
CUDA Graph id 3279 reused
ggml_backend_cuda_graph_compute: CUDA graph warmup complete
CUDA Graph id 3280 reused
ggml_backend_cuda_graph_compute: CUDA graph warmup complete
CUDA Graph id 3281 reused
ggml_backend_cuda_graph_compute: CUDA graph warmup complete
CUDA Graph id 3283 reused
ggml_backend_cuda_graph_compute: CUDA graph warmup complete
CUDA Graph id 3284 reused
ggml_backend_cuda_graph_compute: CUDA graph warmup complete
CUDA Graph id 3285 reused
ggml_backend_cuda_graph_compute: CUDA graph warmup complete
CUDA Graph id 3286 reused
ggml_backend_cuda_graph_compute: CUDA graph warmup complete
CUDA Graph id 3287 reused
ggml_backend_cuda_graph_compute: CUDA graph warmup complete
CUDA Graph id 3288 reused
ggml_backend_cuda_graph_compute: CUDA graph warmup complete
CUDA Graph id 3289 reused
ggml_backend_cuda_graph_compute: CUDA graph warmup complete
CUDA Graph id 3290 reused
ggml_backend_cuda_graph_compute: CUDA graph warmup complete
CUDA Graph id 3292 reused
ggml_backend_cuda_graph_compute: CUDA graph warmup complete
CUDA Graph id 3294 reused
ggml_backend_cuda_graph_compute: CUDA graph warmup complete
CUDA Graph id 3295 reused
ggml_backend_cuda_graph_compute: CUDA graph warmup complete
CUDA Graph id 3296 reused
ggml_backend_cuda_graph_compute: CUDA graph warmup complete
CUDA Graph id 3297 reused
ggml_backend_cuda_graph_compute: CUDA graph warmup complete
CUDA Graph id 3298 reused
ggml_backend_cuda_graph_compute: CUDA graph warmup complete
CUDA Graph id 3300 reused
ggml_backend_cuda_graph_compute: CUDA graph warmup complete
CUDA Graph id 3301 reused
ggml_backend_cuda_graph_compute: CUDA graph warmup complete
CUDA Graph id 3302 reused
ggml_backend_cuda_graph_compute: CUDA graph warmup complete
CUDA Graph id 3303 reused
ggml_backend_cuda_graph_compute: CUDA graph warmup complete
CUDA Graph id 3304 reused
ggml_backend_cuda_graph_compute: CUDA graph warmup complete
CUDA Graph id 3305 reused
ggml_backend_cuda_graph_compute: CUDA graph warmup complete
CUDA Graph id 3306 reused
ggml_backend_cuda_graph_compute: CUDA graph warmup complete
CUDA Graph id 3307 reused
ggml_backend_cuda_graph_compute: CUDA graph warmup complete
CUDA Graph id 3308 reused
ggml_backend_cuda_graph_compute: CUDA graph warmup complete
CUDA Graph id 3309 reused
ggml_backend_cuda_graph_compute: CUDA graph warmup complete
CUDA Graph id 3310 reused
ggml_backend_cuda_graph_compute: CUDA graph warmup complete
CUDA Graph id 3311 reused
ggml_backend_cuda_graph_compute: CUDA graph warmup complete
CUDA Graph id 3312 reused
ggml_backend_cuda_graph_compute: CUDA graph warmup complete
CUDA Graph id 3314 reused
ggml_backend_cuda_graph_compute: CUDA graph warmup complete
CUDA Graph id 3315 reused
ggml_backend_cuda_graph_compute: CUDA graph warmup complete
CUDA Graph id 3316 reused
ggml_backend_cuda_graph_compute: CUDA graph warmup complete
CUDA Graph id 3317 reused
ggml_backend_cuda_graph_compute: CUDA graph warmup complete
CUDA Graph id 3318 reused
ggml_backend_cuda_graph_compute: CUDA graph warmup complete
CUDA Graph id 3319 reused
ggml_backend_cuda_graph_compute: CUDA graph warmup complete
CUDA Graph id 3320 reused
ggml_backend_cuda_graph_compute: CUDA graph warmup complete
CUDA Graph id 3322 reused
ggml_backend_cuda_graph_compute: CUDA graph warmup complete
CUDA Graph id 3324 reused
ggml_backend_cuda_graph_compute: CUDA graph warmup complete
CUDA Graph id 3325 reused
ggml_backend_cuda_graph_compute: CUDA graph warmup complete
CUDA Graph id 3326 reused
ggml_backend_cuda_graph_compute: CUDA graph warmup complete
CUDA Graph id 3327 reused
ggml_backend_cuda_graph_compute: CUDA graph warmup complete
CUDA Graph id 3328 reused
ggml_backend_cuda_graph_compute: CUDA graph warmup complete
CUDA Graph id 3330 reused
ggml_backend_cuda_graph_compute: CUDA graph warmup complete
CUDA Graph id 3331 reused
ggml_backend_cuda_graph_compute: CUDA graph warmup complete
CUDA Graph id 3332 reused
ggml_backend_cuda_graph_compute: CUDA graph warmup complete
CUDA Graph id 3333 reused
ggml_backend_cuda_graph_compute: CUDA graph warmup complete
CUDA Graph id 3334 reused
ggml_backend_cuda_graph_compute: CUDA graph warmup complete
CUDA Graph id 3335 reused
ggml_backend_cuda_graph_compute: CUDA graph warmup complete
CUDA Graph id 3336 reused
ggml_backend_cuda_graph_compute: CUDA graph warmup complete
CUDA Graph id 3337 reused
ggml_backend_cuda_graph_compute: CUDA graph warmup complete
CUDA Graph id 3339 reused
ggml_backend_cuda_graph_compute: CUDA graph warmup complete
CUDA Graph id 3341 reused
ggml_backend_cuda_graph_compute: CUDA graph warmup complete
CUDA Graph id 3342 reused
ggml_backend_cuda_graph_compute: CUDA graph warmup complete
CUDA Graph id 3343 reused
ggml_backend_cuda_graph_compute: CUDA graph warmup complete
CUDA Graph id 3344 reused
ggml_backend_cuda_graph_compute: CUDA graph warmup complete
CUDA Graph id 3345 reused
ggml_backend_cuda_graph_compute: CUDA graph warmup complete
CUDA Graph id 3347 reused
ggml_backend_cuda_graph_compute: CUDA graph warmup complete
CUDA Graph id 3348 reused
ggml_backend_cuda_graph_compute: CUDA graph warmup complete
CUDA Graph id 3349 reused
ggml_backend_cuda_graph_compute: CUDA graph warmup complete
CUDA Graph id 3350 reused
ggml_backend_cuda_graph_compute: CUDA graph warmup complete
CUDA Graph id 3351 reused
ggml_backend_cuda_graph_compute: CUDA graph warmup complete
CUDA Graph id 3352 reused
ggml_backend_cuda_graph_compute: CUDA graph warmup complete
CUDA Graph id 3353 reused
ggml_backend_cuda_graph_compute: CUDA graph warmup complete
CUDA Graph id 3354 reused
ggml_backend_cuda_graph_compute: CUDA graph warmup complete
CUDA Graph id 3356 reused
ggml_backend_cuda_graph_compute: CUDA graph warmup complete
CUDA Graph id 3358 reused
ggml_backend_cuda_graph_compute: CUDA graph warmup complete
CUDA Graph id 3359 reused
ggml_backend_cuda_graph_compute: CUDA graph warmup complete
CUDA Graph id 3360 reused
ggml_backend_cuda_graph_compute: CUDA graph warmup complete
CUDA Graph id 3361 reused
ggml_backend_cuda_graph_compute: CUDA graph warmup complete
CUDA Graph id 3362 reused
ggml_backend_cuda_graph_compute: CUDA graph warmup complete
CUDA Graph id 3364 reused
ggml_backend_cuda_graph_compute: CUDA graph warmup complete
CUDA Graph id 3365 reused
ggml_backend_cuda_graph_compute: CUDA graph warmup complete
CUDA Graph id 3366 reused
ggml_backend_cuda_graph_compute: CUDA graph warmup complete
CUDA Graph id 3367 reused
ggml_backend_cuda_graph_compute: CUDA graph warmup complete
CUDA Graph id 3368 reused
ggml_backend_cuda_graph_compute: CUDA graph warmup complete
CUDA Graph id 3369 reused
ggml_backend_cuda_graph_compute: CUDA graph warmup complete
CUDA Graph id 3370 reused
ggml_backend_cuda_graph_compute: CUDA graph warmup complete
CUDA Graph id 3371 reused
ggml_backend_cuda_graph_compute: CUDA graph warmup complete
CUDA Graph id 3372 reused
ggml_backend_cuda_graph_compute: CUDA graph warmup complete
CUDA Graph id 3373 reused
ggml_backend_cuda_graph_compute: CUDA graph warmup complete
CUDA Graph id 3374 reused
ggml_backend_cuda_graph_compute: CUDA graph warmup complete
CUDA Graph id 3375 reused
ggml_backend_cuda_graph_compute: CUDA graph warmup complete
CUDA Graph id 3376 reused
ggml_backend_cuda_graph_compute: CUDA graph warmup complete
CUDA Graph id 3378 reused
ggml_backend_cuda_graph_compute: CUDA graph warmup complete
CUDA Graph id 3379 reused
ggml_backend_cuda_graph_compute: CUDA graph warmup complete
CUDA Graph id 3380 reused
ggml_backend_cuda_graph_compute: CUDA graph warmup complete
CUDA Graph id 3381 reused
ggml_backend_cuda_graph_compute: CUDA graph warmup complete
CUDA Graph id 3382 reused
ggml_backend_cuda_graph_compute: CUDA graph warmup complete
CUDA Graph id 3383 reused
ggml_backend_cuda_graph_compute: CUDA graph warmup complete
CUDA Graph id 3384 reused
ggml_backend_cuda_graph_compute: CUDA graph warmup complete
CUDA Graph id 3386 reused
ggml_backend_cuda_graph_compute: CUDA graph warmup complete
CUDA Graph id 3388 reused
ggml_backend_cuda_graph_compute: CUDA graph warmup complete
CUDA Graph id 3389 reused
ggml_backend_cuda_graph_compute: CUDA graph warmup complete
CUDA Graph id 3390 reused
ggml_backend_cuda_graph_compute: CUDA graph warmup complete
CUDA Graph id 3391 reused
ggml_backend_cuda_graph_compute: CUDA graph warmup complete
CUDA Graph id 3392 reused
ggml_backend_cuda_graph_compute: CUDA graph warmup complete
CUDA Graph id 3394 reused
ggml_backend_cuda_graph_compute: CUDA graph warmup complete
CUDA Graph id 3395 reused
ggml_backend_cuda_graph_compute: CUDA graph warmup complete
CUDA Graph id 3396 reused
ggml_backend_cuda_graph_compute: CUDA graph warmup complete
CUDA Graph id 3397 reused
ggml_backend_cuda_graph_compute: CUDA graph warmup complete
CUDA Graph id 3398 reused
ggml_backend_cuda_graph_compute: CUDA graph warmup complete
CUDA Graph id 3399 reused
ggml_backend_cuda_graph_compute: CUDA graph warmup complete
CUDA Graph id 3400 reused
ggml_backend_cuda_graph_compute: CUDA graph warmup complete
CUDA Graph id 3401 reused
ggml_backend_cuda_graph_compute: CUDA graph warmup complete
CUDA Graph id 3403 reused
ggml_backend_cuda_graph_compute: CUDA graph warmup complete
CUDA Graph id 3405 reused
ggml_backend_cuda_graph_compute: CUDA graph warmup complete
CUDA Graph id 3406 reused
ggml_backend_cuda_graph_compute: CUDA graph warmup complete
CUDA Graph id 3407 reused
ggml_backend_cuda_graph_compute: CUDA graph warmup complete
CUDA Graph id 3408 reused
ggml_backend_cuda_graph_compute: CUDA graph warmup complete
CUDA Graph id 3409 reused
ggml_backend_cuda_graph_compute: CUDA graph warmup complete
CUDA Graph id 3411 reused
ggml_backend_cuda_graph_compute: CUDA graph warmup complete
CUDA Graph id 3412 reused
ggml_backend_cuda_graph_compute: CUDA graph warmup complete
CUDA Graph id 3413 reused
ggml_backend_cuda_graph_compute: CUDA graph warmup complete
CUDA Graph id 3414 reused
ggml_backend_cuda_graph_compute: CUDA graph warmup complete
CUDA Graph id 3415 reused
ggml_backend_cuda_graph_compute: CUDA graph warmup complete
CUDA Graph id 3416 reused
ggml_backend_cuda_graph_compute: CUDA graph warmup complete
CUDA Graph id 3417 reused
ggml_backend_cuda_graph_compute: CUDA graph warmup complete
CUDA Graph id 3418 reused
ggml_backend_cuda_graph_compute: CUDA graph warmup complete
CUDA Graph id 3420 reused
ggml_backend_cuda_graph_compute: CUDA graph warmup complete
CUDA Graph id 3422 reused
ggml_backend_cuda_graph_compute: CUDA graph warmup complete
CUDA Graph id 3423 reused
ggml_backend_cuda_graph_compute: CUDA graph warmup complete
CUDA Graph id 3424 reused
ggml_backend_cuda_graph_compute: CUDA graph warmup complete
CUDA Graph id 3425 reused
ggml_backend_cuda_graph_compute: CUDA graph warmup complete
CUDA Graph id 3426 reused
ggml_backend_cuda_graph_compute: CUDA graph warmup complete
CUDA Graph id 3428 reused
ggml_backend_cuda_graph_compute: CUDA graph warmup complete
CUDA Graph id 3429 reused
ggml_backend_cuda_graph_compute: CUDA graph warmup complete
CUDA Graph id 3430 reused
ggml_backend_cuda_graph_compute: CUDA graph warmup complete
CUDA Graph id 3431 reused
ggml_backend_cuda_graph_compute: CUDA graph warmup complete
CUDA Graph id 3432 reused
ggml_backend_cuda_graph_compute: CUDA graph warmup complete
CUDA Graph id 3433 reused
ggml_backend_cuda_graph_compute: CUDA graph warmup complete
CUDA Graph id 3434 reused
ggml_backend_cuda_graph_compute: CUDA graph warmup complete
CUDA Graph id 3435 reused
ggml_backend_cuda_graph_compute: CUDA graph warmup complete
CUDA Graph id 3436 reused
ggml_backend_cuda_graph_compute: CUDA graph warmup complete
CUDA Graph id 3437 reused
ggml_backend_cuda_graph_compute: CUDA graph warmup complete
CUDA Graph id 3438 reused
ggml_backend_cuda_graph_compute: CUDA graph warmup complete
CUDA Graph id 3439 reused
ggml_backend_cuda_graph_compute: CUDA graph warmup complete
CUDA Graph id 3440 reused
ggml_backend_cuda_graph_compute: CUDA graph warmup complete
CUDA Graph id 3442 reused
ggml_backend_cuda_graph_compute: CUDA graph warmup complete
CUDA Graph id 3443 reused
ggml_backend_cuda_graph_compute: CUDA graph warmup complete
CUDA Graph id 3444 reused
ggml_backend_cuda_graph_compute: CUDA graph warmup complete
CUDA Graph id 3445 reused
ggml_backend_cuda_graph_compute: CUDA graph warmup complete
CUDA Graph id 3446 reused
ggml_backend_cuda_graph_compute: CUDA graph warmup complete
CUDA Graph id 3447 reused
ggml_backend_cuda_graph_compute: CUDA graph warmup complete
CUDA Graph id 3448 reused
ggml_backend_cuda_graph_compute: CUDA graph warmup complete
CUDA Graph id 3450 reused
ggml_backend_cuda_graph_compute: CUDA graph warmup complete
CUDA Graph id 3452 reused
ggml_backend_cuda_graph_compute: CUDA graph warmup complete
CUDA Graph id 3453 reused
ggml_backend_cuda_graph_compute: CUDA graph warmup complete
CUDA Graph id 3454 reused
ggml_backend_cuda_graph_compute: CUDA graph warmup complete
CUDA Graph id 3455 reused
ggml_backend_cuda_graph_compute: CUDA graph warmup complete
CUDA Graph id 3456 reused
ggml_backend_cuda_graph_compute: CUDA graph warmup complete
CUDA Graph id 3458 reused
ggml_backend_cuda_graph_compute: CUDA graph warmup complete
CUDA Graph id 3459 reused
ggml_backend_cuda_graph_compute: CUDA graph warmup complete
CUDA Graph id 3460 reused
ggml_backend_cuda_graph_compute: CUDA graph warmup complete
CUDA Graph id 3461 reused
ggml_backend_cuda_graph_compute: CUDA graph warmup complete
CUDA Graph id 3462 reused
ggml_backend_cuda_graph_compute: CUDA graph warmup complete
CUDA Graph id 3463 reused
ggml_backend_cuda_graph_compute: CUDA graph warmup complete
CUDA Graph id 3464 reused
ggml_backend_cuda_graph_compute: CUDA graph warmup complete
CUDA Graph id 3465 reused
ggml_backend_cuda_graph_compute: CUDA graph warmup complete
CUDA Graph id 3467 reused
ggml_backend_cuda_graph_compute: CUDA graph warmup complete
CUDA Graph id 3469 reused
ggml_backend_cuda_graph_compute: CUDA graph warmup complete
CUDA Graph id 3470 reused
ggml_backend_cuda_graph_compute: CUDA graph warmup complete
CUDA Graph id 3471 reused
ggml_backend_cuda_graph_compute: CUDA graph warmup complete
CUDA Graph id 3472 reused
ggml_backend_cuda_graph_compute: CUDA graph warmup complete
CUDA Graph id 3473 reused
ggml_backend_cuda_graph_compute: CUDA graph warmup complete
CUDA Graph id 3475 reused
ggml_backend_cuda_graph_compute: CUDA graph warmup complete
CUDA Graph id 3476 reused
ggml_backend_cuda_graph_compute: CUDA graph warmup complete
CUDA Graph id 3477 reused
ggml_backend_cuda_graph_compute: CUDA graph warmup complete
CUDA Graph id 3478 reused
ggml_backend_cuda_graph_compute: CUDA graph warmup complete
CUDA Graph id 3479 reused
ggml_backend_cuda_graph_compute: CUDA graph warmup complete
CUDA Graph id 3480 reused
ggml_backend_cuda_graph_compute: CUDA graph warmup complete
CUDA Graph id 3481 reused
ggml_backend_cuda_graph_compute: CUDA graph warmup complete
CUDA Graph id 3482 reused
ggml_backend_cuda_graph_compute: CUDA graph warmup complete
CUDA Graph id 3484 reused
ggml_backend_cuda_graph_compute: CUDA graph warmup complete
CUDA Graph id 3486 reused
ggml_backend_cuda_graph_compute: CUDA graph warmup complete
CUDA Graph id 3487 reused
ggml_backend_cuda_graph_compute: CUDA graph warmup complete
CUDA Graph id 3488 reused
ggml_backend_cuda_graph_compute: CUDA graph warmup complete
CUDA Graph id 3489 reused
ggml_backend_cuda_graph_compute: CUDA graph warmup complete
CUDA Graph id 3490 reused
ggml_backend_cuda_graph_compute: CUDA graph warmup complete
CUDA Graph id 3492 reused
ggml_backend_cuda_graph_compute: CUDA graph warmup complete
CUDA Graph id 3493 reused
ggml_backend_cuda_graph_compute: CUDA graph warmup complete
CUDA Graph id 3494 reused
ggml_backend_cuda_graph_compute: CUDA graph warmup complete
CUDA Graph id 3495 reused
ggml_backend_cuda_graph_compute: CUDA graph warmup complete
CUDA Graph id 3496 reused
ggml_backend_cuda_graph_compute: CUDA graph warmup complete
CUDA Graph id 3497 reused
ggml_backend_cuda_graph_compute: CUDA graph warmup complete
CUDA Graph id 3498 reused
ggml_backend_cuda_graph_compute: CUDA graph warmup complete
CUDA Graph id 3499 reused
ggml_backend_cuda_graph_compute: CUDA graph warmup complete
CUDA Graph id 3500 reused
ggml_backend_cuda_graph_compute: CUDA graph warmup complete
CUDA Graph id 3501 reused
ggml_backend_cuda_graph_compute: CUDA graph warmup complete
CUDA Graph id 3502 reused
ggml_backend_cuda_graph_compute: CUDA graph warmup complete
CUDA Graph id 3503 reused
ggml_backend_cuda_graph_compute: CUDA graph warmup complete
CUDA Graph id 3504 reused
ggml_backend_cuda_graph_compute: CUDA graph warmup complete
CUDA Graph id 3506 reused
ggml_backend_cuda_graph_compute: CUDA graph warmup complete
CUDA Graph id 3507 reused
ggml_backend_cuda_graph_compute: CUDA graph warmup complete
CUDA Graph id 3508 reused
ggml_backend_cuda_graph_compute: CUDA graph warmup complete
CUDA Graph id 3509 reused
ggml_backend_cuda_graph_compute: CUDA graph warmup complete
CUDA Graph id 3510 reused
ggml_backend_cuda_graph_compute: CUDA graph warmup complete
CUDA Graph id 3511 reused
ggml_backend_cuda_graph_compute: CUDA graph warmup complete
CUDA Graph id 3512 reused
ggml_backend_cuda_graph_compute: CUDA graph warmup complete
CUDA Graph id 3514 reused
ggml_backend_cuda_graph_compute: CUDA graph warmup complete
CUDA Graph id 3516 reused
ggml_backend_cuda_graph_compute: CUDA graph warmup complete
CUDA Graph id 3517 reused
ggml_backend_cuda_graph_compute: CUDA graph warmup complete
CUDA Graph id 3518 reused
ggml_backend_cuda_graph_compute: CUDA graph warmup complete
CUDA Graph id 3519 reused
ggml_backend_cuda_graph_compute: CUDA graph warmup complete
CUDA Graph id 3520 reused
ggml_backend_cuda_graph_compute: CUDA graph warmup complete
CUDA Graph id 3522 reused
ggml_backend_cuda_graph_compute: CUDA graph warmup complete
CUDA Graph id 3523 reused
ggml_backend_cuda_graph_compute: CUDA graph warmup complete
CUDA Graph id 3524 reused
ggml_backend_cuda_graph_compute: CUDA graph warmup complete
CUDA Graph id 3525 reused
ggml_backend_cuda_graph_compute: CUDA graph warmup complete
CUDA Graph id 3526 reused
ggml_backend_cuda_graph_compute: CUDA graph warmup complete
CUDA Graph id 3527 reused
ggml_backend_cuda_graph_compute: CUDA graph warmup complete
CUDA Graph id 3528 reused
ggml_backend_cuda_graph_compute: CUDA graph warmup complete
CUDA Graph id 3529 reused
ggml_backend_cuda_graph_compute: CUDA graph warmup complete
CUDA Graph id 3531 reused
ggml_backend_cuda_graph_compute: CUDA graph warmup complete
CUDA Graph id 3533 reused
ggml_backend_cuda_graph_compute: CUDA graph warmup complete
CUDA Graph id 3534 reused
ggml_backend_cuda_graph_compute: CUDA graph warmup complete
CUDA Graph id 3535 reused
ggml_backend_cuda_graph_compute: CUDA graph warmup complete
CUDA Graph id 3536 reused
ggml_backend_cuda_graph_compute: CUDA graph warmup complete
CUDA Graph id 3537 reused
ggml_backend_cuda_graph_compute: CUDA graph warmup complete
CUDA Graph id 3539 reused
ggml_backend_cuda_graph_compute: CUDA graph warmup complete
CUDA Graph id 3540 reused
ggml_backend_cuda_graph_compute: CUDA graph warmup complete
CUDA Graph id 3541 reused
ggml_backend_cuda_graph_compute: CUDA graph warmup complete
CUDA Graph id 3542 reused
ggml_backend_cuda_graph_compute: CUDA graph warmup complete
CUDA Graph id 3543 reused
ggml_backend_cuda_graph_compute: CUDA graph warmup complete
CUDA Graph id 3544 reused
ggml_backend_cuda_graph_compute: CUDA graph warmup complete
CUDA Graph id 3545 reused
ggml_backend_cuda_graph_compute: CUDA graph warmup complete
CUDA Graph id 3546 reused
ggml_backend_cuda_graph_compute: CUDA graph warmup complete
CUDA Graph id 3548 reused
ggml_backend_cuda_graph_compute: CUDA graph warmup complete
CUDA Graph id 3550 reused
ggml_backend_cuda_graph_compute: CUDA graph warmup complete
CUDA Graph id 3551 reused
ggml_backend_cuda_graph_compute: CUDA graph warmup complete
CUDA Graph id 3552 reused
ggml_backend_cuda_graph_compute: CUDA graph warmup complete
CUDA Graph id 3553 reused
ggml_backend_cuda_graph_compute: CUDA graph warmup complete
CUDA Graph id 3554 reused
ggml_backend_cuda_graph_compute: CUDA graph warmup complete
CUDA Graph id 3556 reused
ggml_backend_cuda_graph_compute: CUDA graph warmup complete
CUDA Graph id 3557 reused
ggml_backend_cuda_graph_compute: CUDA graph warmup complete
CUDA Graph id 3558 reused
ggml_backend_cuda_graph_compute: CUDA graph warmup complete
CUDA Graph id 3559 reused
ggml_backend_cuda_graph_compute: CUDA graph warmup complete
CUDA Graph id 3560 reused
ggml_backend_cuda_graph_compute: CUDA graph warmup complete
CUDA Graph id 3561 reused
ggml_backend_cuda_graph_compute: CUDA graph warmup complete
CUDA Graph id 3562 reused
ggml_backend_cuda_graph_compute: CUDA graph warmup complete
CUDA Graph id 3563 reused
ggml_backend_cuda_graph_compute: CUDA graph warmup complete
CUDA Graph id 3564 reused
ggml_backend_cuda_graph_compute: CUDA graph warmup complete
CUDA Graph id 3565 reused
ggml_backend_cuda_graph_compute: CUDA graph warmup complete
CUDA Graph id 3566 reused
ggml_backend_cuda_graph_compute: CUDA graph warmup complete
CUDA Graph id 3567 reused
ggml_backend_cuda_graph_compute: CUDA graph warmup complete
CUDA Graph id 3568 reused
ggml_backend_cuda_graph_compute: CUDA graph warmup complete
CUDA Graph id 3570 reused
ggml_backend_cuda_graph_compute: CUDA graph warmup complete
CUDA Graph id 3571 reused
ggml_backend_cuda_graph_compute: CUDA graph warmup complete
CUDA Graph id 3572 reused
ggml_backend_cuda_graph_compute: CUDA graph warmup complete
CUDA Graph id 3573 reused
ggml_backend_cuda_graph_compute: CUDA graph warmup complete
CUDA Graph id 3574 reused
ggml_backend_cuda_graph_compute: CUDA graph warmup complete
CUDA Graph id 3575 reused
ggml_backend_cuda_graph_compute: CUDA graph warmup complete
CUDA Graph id 3576 reused
ggml_backend_cuda_graph_compute: CUDA graph warmup complete
llama-bench: benchmark 1/1: prompt run 1/1
set_n_threads: n_threads = 6, n_threads_batch = 6
ggml_backend_cuda_graph_compute: CUDA graph warmup reset
ggml_backend_cuda_graph_compute: CUDA graph warmup reset
ggml_backend_cuda_graph_compute: CUDA graph warmup reset
ggml_backend_cuda_graph_compute: CUDA graph warmup reset
ggml_backend_cuda_graph_compute: CUDA graph warmup reset
ggml_backend_cuda_graph_compute: CUDA graph warmup reset
ggml_backend_cuda_graph_compute: CUDA graph warmup reset
ggml_backend_cuda_graph_compute: CUDA graph warmup reset
ggml_backend_cuda_graph_compute: CUDA graph warmup reset
ggml_backend_cuda_graph_compute: CUDA graph warmup reset
ggml_backend_cuda_graph_compute: CUDA graph warmup reset
ggml_backend_cuda_graph_compute: CUDA graph warmup reset
ggml_backend_cuda_graph_compute: CUDA graph warmup reset
ggml_backend_cuda_graph_compute: CUDA graph warmup reset
ggml_backend_cuda_graph_compute: CUDA graph warmup reset
ggml_backend_cuda_graph_compute: CUDA graph warmup reset
ggml_backend_cuda_graph_compute: CUDA graph warmup reset
ggml_backend_cuda_graph_compute: CUDA graph warmup reset
ggml_backend_cuda_graph_compute: CUDA graph warmup reset
ggml_backend_cuda_graph_compute: CUDA graph warmup reset
ggml_backend_cuda_graph_compute: CUDA graph warmup reset
ggml_backend_cuda_graph_compute: CUDA graph warmup reset
ggml_backend_cuda_graph_compute: CUDA graph warmup reset
ggml_backend_cuda_graph_compute: CUDA graph warmup reset
ggml_backend_cuda_graph_compute: CUDA graph warmup reset
ggml_backend_cuda_graph_compute: CUDA graph warmup reset
ggml_backend_cuda_graph_compute: CUDA graph warmup reset
ggml_backend_cuda_graph_compute: CUDA graph warmup reset
ggml_backend_cuda_graph_compute: CUDA graph warmup reset
ggml_backend_cuda_graph_compute: CUDA graph warmup reset
ggml_backend_cuda_graph_compute: CUDA graph warmup reset
ggml_backend_cuda_graph_compute: CUDA graph warmup reset
ggml_backend_cuda_graph_compute: CUDA graph warmup reset
ggml_backend_cuda_graph_compute: CUDA graph warmup reset
ggml_backend_cuda_graph_compute: CUDA graph warmup reset
ggml_backend_cuda_graph_compute: CUDA graph warmup reset
ggml_backend_cuda_graph_compute: CUDA graph warmup reset
ggml_backend_cuda_graph_compute: CUDA graph warmup reset
ggml_backend_cuda_graph_compute: CUDA graph warmup reset
ggml_backend_cuda_graph_compute: CUDA graph warmup reset
ggml_backend_cuda_graph_compute: CUDA graph warmup reset
ggml_backend_cuda_graph_compute: CUDA graph warmup reset
ggml_backend_cuda_graph_compute: CUDA graph warmup reset
ggml_backend_cuda_graph_compute: CUDA graph warmup reset
ggml_backend_cuda_graph_compute: CUDA graph warmup reset
ggml_backend_cuda_graph_compute: CUDA graph warmup reset
ggml_backend_cuda_graph_compute: CUDA graph warmup reset
ggml_backend_cuda_graph_compute: CUDA graph warmup reset
ggml_backend_cuda_graph_compute: CUDA graph warmup reset
ggml_backend_cuda_graph_compute: CUDA graph warmup reset
ggml_backend_cuda_graph_compute: CUDA graph warmup reset
ggml_backend_cuda_graph_compute: CUDA graph warmup reset
ggml_backend_cuda_graph_compute: CUDA graph warmup reset
ggml_backend_cuda_graph_compute: CUDA graph warmup reset
ggml_backend_cuda_graph_compute: CUDA graph warmup reset
ggml_backend_cuda_graph_compute: CUDA graph warmup reset
ggml_backend_cuda_graph_compute: CUDA graph warmup reset
ggml_backend_cuda_graph_compute: CUDA graph warmup reset
ggml_backend_cuda_graph_compute: CUDA graph warmup reset
ggml_backend_cuda_graph_compute: CUDA graph warmup reset
ggml_backend_cuda_graph_compute: CUDA graph warmup reset
ggml_backend_cuda_graph_compute: CUDA graph warmup reset
ggml_backend_cuda_graph_compute: CUDA graph warmup reset
ggml_backend_cuda_graph_compute: CUDA graph warmup reset
ggml_backend_cuda_graph_compute: CUDA graph warmup reset
ggml_backend_cuda_graph_compute: CUDA graph warmup reset
ggml_backend_cuda_graph_compute: CUDA graph warmup reset
ggml_backend_cuda_graph_compute: CUDA graph warmup reset
ggml_backend_cuda_graph_compute: CUDA graph warmup reset
ggml_backend_cuda_graph_compute: CUDA graph warmup reset
ggml_backend_cuda_graph_compute: CUDA graph warmup reset
ggml_backend_cuda_graph_compute: CUDA graph warmup reset
ggml_backend_cuda_graph_compute: CUDA graph warmup reset
ggml_backend_cuda_graph_compute: CUDA graph warmup reset
ggml_backend_cuda_graph_compute: CUDA graph warmup reset
ggml_backend_cuda_graph_compute: CUDA graph warmup reset
ggml_backend_cuda_graph_compute: CUDA graph warmup reset
ggml_backend_cuda_graph_compute: CUDA graph warmup reset
ggml_backend_cuda_graph_compute: CUDA graph warmup reset
ggml_backend_cuda_graph_compute: CUDA graph warmup reset
ggml_backend_cuda_graph_compute: CUDA graph warmup reset
ggml_backend_cuda_graph_compute: CUDA graph warmup reset
ggml_backend_cuda_graph_compute: CUDA graph warmup reset
ggml_backend_cuda_graph_compute: CUDA graph warmup reset
ggml_backend_cuda_graph_compute: CUDA graph warmup reset
ggml_backend_cuda_graph_compute: CUDA graph warmup reset
ggml_backend_cuda_graph_compute: CUDA graph warmup reset
ggml_backend_cuda_graph_compute: CUDA graph warmup reset
ggml_backend_cuda_graph_compute: CUDA graph warmup reset
ggml_backend_cuda_graph_compute: CUDA graph warmup reset
ggml_backend_cuda_graph_compute: CUDA graph warmup reset
ggml_backend_cuda_graph_compute: CUDA graph warmup reset
ggml_backend_cuda_graph_compute: CUDA graph warmup reset
ggml_backend_cuda_graph_compute: CUDA graph warmup reset
ggml_backend_cuda_graph_compute: CUDA graph warmup reset
ggml_backend_cuda_graph_compute: CUDA graph warmup reset
ggml_backend_cuda_graph_compute: CUDA graph warmup reset
ggml_backend_cuda_graph_compute: CUDA graph warmup reset
ggml_backend_cuda_graph_compute: CUDA graph warmup reset
ggml_backend_cuda_graph_compute: CUDA graph warmup reset
ggml_backend_cuda_graph_compute: CUDA graph warmup reset
ggml_backend_cuda_graph_compute: CUDA graph warmup reset
ggml_backend_cuda_graph_compute: CUDA graph warmup reset
ggml_backend_cuda_graph_compute: CUDA graph warmup reset
ggml_backend_cuda_graph_compute: CUDA graph warmup reset
ggml_backend_cuda_graph_compute: CUDA graph warmup reset
ggml_backend_cuda_graph_compute: CUDA graph warmup reset
ggml_backend_cuda_graph_compute: CUDA graph warmup reset
ggml_backend_cuda_graph_compute: CUDA graph warmup reset
ggml_backend_cuda_graph_compute: CUDA graph warmup reset
ggml_backend_cuda_graph_compute: CUDA graph warmup reset
ggml_backend_cuda_graph_compute: CUDA graph warmup reset
ggml_backend_cuda_graph_compute: CUDA graph warmup reset
ggml_backend_cuda_graph_compute: CUDA graph warmup reset
ggml_backend_cuda_graph_compute: CUDA graph warmup reset
ggml_backend_cuda_graph_compute: CUDA graph warmup reset
ggml_backend_cuda_graph_compute: CUDA graph warmup reset
ggml_backend_cuda_graph_compute: CUDA graph warmup reset
ggml_backend_cuda_graph_compute: CUDA graph warmup reset
ggml_backend_cuda_graph_compute: CUDA graph warmup reset
ggml_backend_cuda_graph_compute: CUDA graph warmup reset
ggml_backend_cuda_graph_compute: CUDA graph warmup reset
ggml_backend_cuda_graph_compute: CUDA graph warmup reset
ggml_backend_cuda_graph_compute: CUDA graph warmup reset
ggml_backend_cuda_graph_compute: CUDA graph warmup reset
ggml_backend_cuda_graph_compute: CUDA graph warmup reset
ggml_backend_cuda_graph_compute: CUDA graph warmup reset
ggml_backend_cuda_graph_compute: CUDA graph warmup reset
ggml_backend_cuda_graph_compute: CUDA graph warmup reset
ggml_backend_cuda_graph_compute: CUDA graph warmup reset
ggml_backend_cuda_graph_compute: CUDA graph warmup reset
ggml_backend_cuda_graph_compute: CUDA graph warmup reset
ggml_backend_cuda_graph_compute: CUDA graph warmup reset
ggml_backend_cuda_graph_compute: CUDA graph warmup reset
ggml_backend_cuda_graph_compute: CUDA graph warmup reset
ggml_backend_cuda_graph_compute: CUDA graph warmup reset
ggml_backend_cuda_graph_compute: CUDA graph warmup reset
ggml_backend_cuda_graph_compute: CUDA graph warmup reset
ggml_backend_cuda_graph_compute: CUDA graph warmup reset
ggml_backend_cuda_graph_compute: CUDA graph warmup reset
ggml_backend_cuda_graph_compute: CUDA graph warmup reset
ggml_backend_cuda_graph_compute: CUDA graph warmup reset
ggml_backend_cuda_graph_compute: CUDA graph warmup reset
ggml_backend_cuda_graph_compute: CUDA graph warmup reset
ggml_backend_cuda_graph_compute: CUDA graph warmup reset
ggml_backend_cuda_graph_compute: CUDA graph warmup reset
ggml_backend_cuda_graph_compute: CUDA graph warmup reset
ggml_backend_cuda_graph_compute: CUDA graph warmup reset
ggml_backend_cuda_graph_compute: CUDA graph warmup reset
ggml_backend_cuda_graph_compute: CUDA graph warmup reset
ggml_backend_cuda_graph_compute: CUDA graph warmup reset
ggml_backend_cuda_graph_compute: CUDA graph warmup reset
ggml_backend_cuda_graph_compute: CUDA graph warmup reset
ggml_backend_cuda_graph_compute: CUDA graph warmup reset
ggml_backend_cuda_graph_compute: CUDA graph warmup reset
ggml_backend_cuda_graph_compute: CUDA graph warmup reset
ggml_backend_cuda_graph_compute: CUDA graph warmup reset
ggml_backend_cuda_graph_compute: CUDA graph warmup reset
ggml_backend_cuda_graph_compute: CUDA graph warmup reset
ggml_backend_cuda_graph_compute: CUDA graph warmup reset
ggml_backend_cuda_graph_compute: CUDA graph warmup reset
ggml_backend_cuda_graph_compute: CUDA graph warmup reset
ggml_backend_cuda_graph_compute: CUDA graph warmup reset
ggml_backend_cuda_graph_compute: CUDA graph warmup reset
ggml_backend_cuda_graph_compute: CUDA graph warmup reset
ggml_backend_cuda_graph_compute: CUDA graph warmup reset
ggml_backend_cuda_graph_compute: CUDA graph warmup reset
ggml_backend_cuda_graph_compute: CUDA graph warmup reset
ggml_backend_cuda_graph_compute: CUDA graph warmup reset
ggml_backend_cuda_graph_compute: CUDA graph warmup reset
ggml_backend_cuda_graph_compute: CUDA graph warmup reset
ggml_backend_cuda_graph_compute: CUDA graph warmup reset
ggml_backend_cuda_graph_compute: CUDA graph warmup reset
ggml_backend_cuda_graph_compute: CUDA graph warmup reset
ggml_backend_cuda_graph_compute: CUDA graph warmup reset
ggml_backend_cuda_graph_compute: CUDA graph warmup reset
ggml_backend_cuda_graph_compute: CUDA graph warmup reset
ggml_backend_cuda_graph_compute: CUDA graph warmup reset
ggml_backend_cuda_graph_compute: CUDA graph warmup reset
ggml_backend_cuda_graph_compute: CUDA graph warmup reset
ggml_backend_cuda_graph_compute: CUDA graph warmup reset
ggml_backend_cuda_graph_compute: CUDA graph warmup reset
ggml_backend_cuda_graph_compute: CUDA graph warmup reset
ggml_backend_cuda_graph_compute: CUDA graph warmup reset
ggml_backend_cuda_graph_compute: CUDA graph warmup reset
ggml_backend_cuda_graph_compute: CUDA graph warmup reset
ggml_backend_cuda_graph_compute: CUDA graph warmup reset
ggml_backend_cuda_graph_compute: CUDA graph warmup reset
ggml_backend_cuda_graph_compute: CUDA graph warmup reset
ggml_backend_cuda_graph_compute: CUDA graph warmup reset
ggml_backend_cuda_graph_compute: CUDA graph warmup reset
ggml_backend_cuda_graph_compute: CUDA graph warmup reset
ggml_backend_cuda_graph_compute: CUDA graph warmup reset
ggml_backend_cuda_graph_compute: CUDA graph warmup reset
ggml_backend_cuda_graph_compute: CUDA graph warmup reset
ggml_backend_cuda_graph_compute: CUDA graph warmup reset
ggml_backend_cuda_graph_compute: CUDA graph warmup reset
ggml_backend_cuda_graph_compute: CUDA graph warmup reset
ggml_backend_cuda_graph_compute: CUDA graph warmup reset
ggml_backend_cuda_graph_compute: CUDA graph warmup reset
ggml_backend_cuda_graph_compute: CUDA graph warmup reset
ggml_backend_cuda_graph_compute: CUDA graph warmup reset
ggml_backend_cuda_graph_compute: CUDA graph warmup reset
ggml_backend_cuda_graph_compute: CUDA graph warmup reset
ggml_backend_cuda_graph_compute: CUDA graph warmup reset
ggml_backend_cuda_graph_compute: CUDA graph warmup reset
ggml_backend_cuda_graph_compute: CUDA graph warmup reset
ggml_backend_cuda_graph_compute: CUDA graph warmup reset
ggml_backend_cuda_graph_compute: CUDA graph warmup reset
ggml_backend_cuda_graph_compute: CUDA graph warmup reset
ggml_backend_cuda_graph_compute: CUDA graph warmup reset
ggml_backend_cuda_graph_compute: CUDA graph warmup reset
ggml_backend_cuda_graph_compute: CUDA graph warmup reset
ggml_backend_cuda_graph_compute: CUDA graph warmup reset
ggml_backend_cuda_graph_compute: CUDA graph warmup reset
ggml_backend_cuda_graph_compute: CUDA graph warmup reset
ggml_backend_cuda_graph_compute: CUDA graph warmup reset
ggml_backend_cuda_graph_compute: CUDA graph warmup reset
ggml_backend_cuda_graph_compute: CUDA graph warmup reset
ggml_backend_cuda_graph_compute: CUDA graph warmup reset
ggml_backend_cuda_graph_compute: CUDA graph warmup reset
ggml_backend_cuda_graph_compute: CUDA graph warmup reset
ggml_backend_cuda_graph_compute: CUDA graph warmup reset
ggml_backend_cuda_graph_compute: CUDA graph warmup reset
ggml_backend_cuda_graph_compute: CUDA graph warmup reset
ggml_backend_cuda_graph_compute: CUDA graph warmup reset
ggml_backend_cuda_graph_compute: CUDA graph warmup reset
ggml_backend_cuda_graph_compute: CUDA graph warmup reset
ggml_backend_cuda_graph_compute: CUDA graph warmup reset
ggml_backend_cuda_graph_compute: CUDA graph warmup reset
ggml_backend_cuda_graph_compute: CUDA graph warmup reset
ggml_backend_cuda_graph_compute: CUDA graph warmup reset
ggml_backend_cuda_graph_compute: CUDA graph warmup reset
ggml_backend_cuda_graph_compute: CUDA graph warmup reset
ggml_backend_cuda_graph_compute: CUDA graph warmup reset
ggml_backend_cuda_graph_compute: CUDA graph warmup reset
ggml_backend_cuda_graph_compute: CUDA graph warmup reset
ggml_backend_cuda_graph_compute: CUDA graph warmup reset
ggml_backend_cuda_graph_compute: CUDA graph warmup reset
ggml_backend_cuda_graph_compute: CUDA graph warmup reset
ggml_backend_cuda_graph_compute: CUDA graph warmup reset
ggml_backend_cuda_graph_compute: CUDA graph warmup reset
ggml_backend_cuda_graph_compute: CUDA graph warmup reset
ggml_backend_cuda_graph_compute: CUDA graph warmup reset
ggml_backend_cuda_graph_compute: CUDA graph warmup reset
ggml_backend_cuda_graph_compute: CUDA graph warmup reset
ggml_backend_cuda_graph_compute: CUDA graph warmup reset
ggml_backend_cuda_graph_compute: CUDA graph warmup reset
ggml_backend_cuda_graph_compute: CUDA graph warmup reset
ggml_backend_cuda_graph_compute: CUDA graph warmup reset
ggml_backend_cuda_graph_compute: CUDA graph warmup reset
ggml_backend_cuda_graph_compute: CUDA graph warmup reset
ggml_backend_cuda_graph_compute: CUDA graph warmup reset
ggml_backend_cuda_graph_compute: CUDA graph warmup reset
ggml_backend_cuda_graph_compute: CUDA graph warmup reset
ggml_backend_cuda_graph_compute: CUDA graph warmup reset
ggml_backend_cuda_graph_compute: CUDA graph warmup reset
ggml_backend_cuda_graph_compute: CUDA graph warmup reset
ggml_backend_cuda_graph_compute: CUDA graph warmup reset
ggml_backend_cuda_graph_compute: CUDA graph warmup reset
ggml_backend_cuda_graph_compute: CUDA graph warmup reset
ggml_backend_cuda_graph_compute: CUDA graph warmup reset
ggml_backend_cuda_graph_compute: CUDA graph warmup reset
ggml_backend_cuda_graph_compute: CUDA graph warmup reset
ggml_backend_cuda_graph_compute: CUDA graph warmup reset
ggml_backend_cuda_graph_compute: CUDA graph warmup reset
ggml_backend_cuda_graph_compute: CUDA graph warmup reset
ggml_backend_cuda_graph_compute: CUDA graph warmup reset
ggml_backend_cuda_graph_compute: CUDA graph warmup reset
ggml_backend_cuda_graph_compute: CUDA graph warmup reset
ggml_backend_cuda_graph_compute: CUDA graph warmup reset
ggml_backend_cuda_graph_compute: CUDA graph warmup reset
ggml_backend_cuda_graph_compute: CUDA graph warmup reset
ggml_backend_cuda_graph_compute: CUDA graph warmup reset
ggml_backend_cuda_graph_compute: CUDA graph warmup reset
ggml_backend_cuda_graph_compute: CUDA graph warmup reset
ggml_backend_cuda_graph_compute: CUDA graph warmup reset
ggml_backend_cuda_graph_compute: CUDA graph warmup reset
ggml_backend_cuda_graph_compute: CUDA graph warmup reset
ggml_backend_cuda_graph_compute: CUDA graph warmup reset
ggml_backend_cuda_graph_compute: CUDA graph warmup reset
ggml_backend_cuda_graph_compute: CUDA graph warmup reset
ggml_backend_cuda_graph_compute: CUDA graph warmup reset
ggml_backend_cuda_graph_compute: CUDA graph warmup reset
ggml_backend_cuda_graph_compute: CUDA graph warmup reset
ggml_backend_cuda_graph_compute: CUDA graph warmup reset
ggml_backend_cuda_graph_compute: CUDA graph warmup reset
ggml_backend_cuda_graph_compute: CUDA graph warmup reset
ggml_backend_cuda_graph_compute: CUDA graph warmup reset
ggml_backend_cuda_graph_compute: CUDA graph warmup reset
ggml_backend_cuda_graph_compute: CUDA graph warmup reset
ggml_backend_cuda_graph_compute: CUDA graph warmup reset
ggml_backend_cuda_graph_compute: CUDA graph warmup reset
ggml_backend_cuda_graph_compute: CUDA graph warmup reset
ggml_backend_cuda_graph_compute: CUDA graph warmup reset
ggml_backend_cuda_graph_compute: CUDA graph warmup reset
ggml_backend_cuda_graph_compute: CUDA graph warmup reset
ggml_backend_cuda_graph_compute: CUDA graph warmup reset
ggml_backend_cuda_graph_compute: CUDA graph warmup reset
ggml_backend_cuda_graph_compute: CUDA graph warmup reset
ggml_backend_cuda_graph_compute: CUDA graph warmup reset
ggml_backend_cuda_graph_compute: CUDA graph warmup reset
ggml_backend_cuda_graph_compute: CUDA graph warmup reset
ggml_backend_cuda_graph_compute: CUDA graph warmup reset
ggml_backend_cuda_graph_compute: CUDA graph warmup reset
ggml_backend_cuda_graph_compute: CUDA graph warmup reset
ggml_backend_cuda_graph_compute: CUDA graph warmup reset
ggml_backend_cuda_graph_compute: CUDA graph warmup reset
ggml_backend_cuda_graph_compute: CUDA graph warmup reset
ggml_backend_cuda_graph_compute: CUDA graph warmup reset
ggml_backend_cuda_graph_compute: CUDA graph warmup reset
ggml_backend_cuda_graph_compute: CUDA graph warmup reset
ggml_backend_cuda_graph_compute: CUDA graph warmup reset
ggml_backend_cuda_graph_compute: CUDA graph warmup reset
ggml_backend_cuda_graph_compute: CUDA graph warmup reset
ggml_backend_cuda_graph_compute: CUDA graph warmup reset
ggml_backend_cuda_graph_compute: CUDA graph warmup reset
ggml_backend_cuda_graph_compute: CUDA graph warmup reset
ggml_backend_cuda_graph_compute: CUDA graph warmup reset
ggml_backend_cuda_graph_compute: CUDA graph warmup reset
ggml_backend_cuda_graph_compute: CUDA graph warmup reset
ggml_backend_cuda_graph_compute: CUDA graph warmup reset
ggml_backend_cuda_graph_compute: CUDA graph warmup reset
ggml_backend_cuda_graph_compute: CUDA graph warmup reset
ggml_backend_cuda_graph_compute: CUDA graph warmup reset
ggml_backend_cuda_graph_compute: CUDA graph warmup reset
ggml_backend_cuda_graph_compute: CUDA graph warmup reset
ggml_backend_cuda_graph_compute: CUDA graph warmup reset
ggml_backend_cuda_graph_compute: CUDA graph warmup reset
ggml_backend_cuda_graph_compute: CUDA graph warmup reset
ggml_backend_cuda_graph_compute: CUDA graph warmup reset
ggml_backend_cuda_graph_compute: CUDA graph warmup reset
ggml_backend_cuda_graph_compute: CUDA graph warmup reset
ggml_backend_cuda_graph_compute: CUDA graph warmup reset
ggml_backend_cuda_graph_compute: CUDA graph warmup reset
ggml_backend_cuda_graph_compute: CUDA graph warmup reset
ggml_backend_cuda_graph_compute: CUDA graph warmup reset
ggml_backend_cuda_graph_compute: CUDA graph warmup reset
ggml_backend_cuda_graph_compute: CUDA graph warmup reset
ggml_backend_cuda_graph_compute: CUDA graph warmup reset
ggml_backend_cuda_graph_compute: CUDA graph warmup reset
ggml_backend_cuda_graph_compute: CUDA graph warmup reset
ggml_backend_cuda_graph_compute: CUDA graph warmup reset
ggml_backend_cuda_graph_compute: CUDA graph warmup reset
ggml_backend_cuda_graph_compute: CUDA graph warmup reset
ggml_backend_cuda_graph_compute: CUDA graph warmup reset
ggml_backend_cuda_graph_compute: CUDA graph warmup reset
ggml_backend_cuda_graph_compute: CUDA graph warmup reset
ggml_backend_cuda_graph_compute: CUDA graph warmup reset
ggml_backend_cuda_graph_compute: CUDA graph warmup reset
ggml_backend_cuda_graph_compute: CUDA graph warmup reset
ggml_backend_cuda_graph_compute: CUDA graph warmup reset
ggml_backend_cuda_graph_compute: CUDA graph warmup reset
ggml_backend_cuda_graph_compute: CUDA graph warmup reset
ggml_backend_cuda_graph_compute: CUDA graph warmup reset
ggml_backend_cuda_graph_compute: CUDA graph warmup reset
ggml_backend_cuda_graph_compute: CUDA graph warmup reset
ggml_backend_cuda_graph_compute: CUDA graph warmup reset
ggml_backend_cuda_graph_compute: CUDA graph warmup reset
ggml_backend_cuda_graph_compute: CUDA graph warmup reset
ggml_backend_cuda_graph_compute: CUDA graph warmup reset
ggml_backend_cuda_graph_compute: CUDA graph warmup reset
ggml_backend_cuda_graph_compute: CUDA graph warmup reset
ggml_backend_cuda_graph_compute: CUDA graph warmup reset
ggml_backend_cuda_graph_compute: CUDA graph warmup reset
ggml_backend_cuda_graph_compute: CUDA graph warmup reset
ggml_backend_cuda_graph_compute: CUDA graph warmup reset
ggml_backend_cuda_graph_compute: CUDA graph warmup reset
ggml_backend_cuda_graph_compute: CUDA graph warmup reset
ggml_backend_cuda_graph_compute: CUDA graph warmup reset
ggml_backend_cuda_graph_compute: CUDA graph warmup reset
ggml_backend_cuda_graph_compute: CUDA graph warmup reset
ggml_backend_cuda_graph_compute: CUDA graph warmup reset
ggml_backend_cuda_graph_compute: CUDA graph warmup reset
ggml_backend_cuda_graph_compute: CUDA graph warmup reset
ggml_backend_cuda_graph_compute: CUDA graph warmup reset
ggml_backend_cuda_graph_compute: CUDA graph warmup reset
ggml_backend_cuda_graph_compute: CUDA graph warmup reset
ggml_backend_cuda_graph_compute: CUDA graph warmup reset
ggml_backend_cuda_graph_compute: CUDA graph warmup reset
ggml_backend_cuda_graph_compute: CUDA graph warmup reset
ggml_backend_cuda_graph_compute: CUDA graph warmup reset
ggml_backend_cuda_graph_compute: CUDA graph warmup reset
ggml_backend_cuda_graph_compute: CUDA graph warmup reset
ggml_backend_cuda_graph_compute: CUDA graph warmup reset
ggml_backend_cuda_graph_compute: CUDA graph warmup reset
ggml_backend_cuda_graph_compute: CUDA graph warmup reset
ggml_backend_cuda_graph_compute: CUDA graph warmup reset
ggml_backend_cuda_graph_compute: CUDA graph warmup reset
ggml_backend_cuda_graph_compute: CUDA graph warmup reset
ggml_backend_cuda_graph_compute: CUDA graph warmup reset
ggml_backend_cuda_graph_compute: CUDA graph warmup reset
ggml_backend_cuda_graph_compute: CUDA graph warmup reset
ggml_backend_cuda_graph_compute: CUDA graph warmup reset
ggml_backend_cuda_graph_compute: CUDA graph warmup reset
ggml_backend_cuda_graph_compute: CUDA graph warmup reset
ggml_backend_cuda_graph_compute: CUDA graph warmup reset
ggml_backend_cuda_graph_compute: CUDA graph warmup reset
ggml_backend_cuda_graph_compute: CUDA graph warmup reset
ggml_backend_cuda_graph_compute: CUDA graph warmup reset
ggml_backend_cuda_graph_compute: CUDA graph warmup reset
ggml_backend_cuda_graph_compute: CUDA graph warmup reset
ggml_backend_cuda_graph_compute: CUDA graph warmup reset
ggml_backend_cuda_graph_compute: CUDA graph warmup reset
ggml_backend_cuda_graph_compute: CUDA graph warmup reset
ggml_backend_cuda_graph_compute: CUDA graph warmup reset
ggml_backend_cuda_graph_compute: CUDA graph warmup reset
ggml_backend_cuda_graph_compute: CUDA graph warmup reset
ggml_backend_cuda_graph_compute: CUDA graph warmup reset
ggml_backend_cuda_graph_compute: CUDA graph warmup reset
ggml_backend_cuda_graph_compute: CUDA graph warmup reset
ggml_backend_cuda_graph_compute: CUDA graph warmup reset
ggml_backend_cuda_graph_compute: CUDA graph warmup reset
ggml_backend_cuda_graph_compute: CUDA graph warmup reset
ggml_backend_cuda_graph_compute: CUDA graph warmup reset
ggml_backend_cuda_graph_compute: CUDA graph warmup reset
ggml_backend_cuda_graph_compute: CUDA graph warmup reset
ggml_backend_cuda_graph_compute: CUDA graph warmup reset
ggml_backend_cuda_graph_compute: CUDA graph warmup reset
ggml_backend_cuda_graph_compute: CUDA graph warmup reset
ggml_backend_cuda_graph_compute: CUDA graph warmup reset
ggml_backend_cuda_graph_compute: CUDA graph warmup reset
ggml_backend_cuda_graph_compute: CUDA graph warmup reset
ggml_backend_cuda_graph_compute: CUDA graph warmup reset
ggml_backend_cuda_graph_compute: CUDA graph warmup reset
ggml_backend_cuda_graph_compute: CUDA graph warmup reset
ggml_backend_cuda_graph_compute: CUDA graph warmup reset
ggml_backend_cuda_graph_compute: CUDA graph warmup reset
ggml_backend_cuda_graph_compute: CUDA graph warmup reset
ggml_backend_cuda_graph_compute: CUDA graph warmup reset
ggml_backend_cuda_graph_compute: CUDA graph warmup reset
ggml_backend_cuda_graph_compute: CUDA graph warmup reset
ggml_backend_cuda_graph_compute: CUDA graph warmup reset
ggml_backend_cuda_graph_compute: CUDA graph warmup reset
ggml_backend_cuda_graph_compute: CUDA graph warmup reset
ggml_backend_cuda_graph_compute: CUDA graph warmup reset
ggml_backend_cuda_graph_compute: CUDA graph warmup reset
ggml_backend_cuda_graph_compute: CUDA graph warmup reset
ggml_backend_cuda_graph_compute: CUDA graph warmup reset
ggml_backend_cuda_graph_compute: CUDA graph warmup reset
ggml_backend_cuda_graph_compute: CUDA graph warmup reset
ggml_backend_cuda_graph_compute: CUDA graph warmup reset
ggml_backend_cuda_graph_compute: CUDA graph warmup reset
ggml_backend_cuda_graph_compute: CUDA graph warmup reset
ggml_backend_cuda_graph_compute: CUDA graph warmup reset
ggml_backend_cuda_graph_compute: CUDA graph warmup reset
ggml_backend_cuda_graph_compute: CUDA graph warmup reset
ggml_backend_cuda_graph_compute: CUDA graph warmup reset
ggml_backend_cuda_graph_compute: CUDA graph warmup reset
ggml_backend_cuda_graph_compute: CUDA graph warmup reset
ggml_backend_cuda_graph_compute: CUDA graph warmup reset
ggml_backend_cuda_graph_compute: CUDA graph warmup reset
ggml_backend_cuda_graph_compute: CUDA graph warmup reset
ggml_backend_cuda_graph_compute: CUDA graph warmup reset
ggml_backend_cuda_graph_compute: CUDA graph warmup reset
ggml_backend_cuda_graph_compute: CUDA graph warmup reset
ggml_backend_cuda_graph_compute: CUDA graph warmup reset
ggml_backend_cuda_graph_compute: CUDA graph warmup reset
ggml_backend_cuda_graph_compute: CUDA graph warmup reset
ggml_backend_cuda_graph_compute: CUDA graph warmup reset
ggml_backend_cuda_graph_compute: CUDA graph warmup reset
ggml_backend_cuda_graph_compute: CUDA graph warmup reset
ggml_backend_cuda_graph_compute: CUDA graph warmup reset
ggml_backend_cuda_graph_compute: CUDA graph warmup reset
ggml_backend_cuda_graph_compute: CUDA graph warmup reset
ggml_backend_cuda_graph_compute: CUDA graph warmup reset
ggml_backend_cuda_graph_compute: CUDA graph warmup reset
ggml_backend_cuda_graph_compute: CUDA graph warmup reset
ggml_backend_cuda_graph_compute: CUDA graph warmup reset
ggml_backend_cuda_graph_compute: CUDA graph warmup reset
ggml_backend_cuda_graph_compute: CUDA graph warmup reset
ggml_backend_cuda_graph_compute: CUDA graph warmup reset
ggml_backend_cuda_graph_compute: CUDA graph warmup reset
ggml_backend_cuda_graph_compute: CUDA graph warmup reset
ggml_backend_cuda_graph_compute: CUDA graph warmup reset
ggml_backend_cuda_graph_compute: CUDA graph warmup reset
ggml_backend_cuda_graph_compute: CUDA graph warmup reset
ggml_backend_cuda_graph_compute: CUDA graph warmup reset
ggml_backend_cuda_graph_compute: CUDA graph warmup reset
ggml_backend_cuda_graph_compute: CUDA graph warmup reset
ggml_backend_cuda_graph_compute: CUDA graph warmup reset
ggml_backend_cuda_graph_compute: CUDA graph warmup reset
ggml_backend_cuda_graph_compute: CUDA graph warmup reset
ggml_backend_cuda_graph_compute: CUDA graph warmup reset
ggml_backend_cuda_graph_compute: CUDA graph warmup reset
ggml_backend_cuda_graph_compute: CUDA graph warmup reset
ggml_backend_cuda_graph_compute: CUDA graph warmup reset
ggml_backend_cuda_graph_compute: CUDA graph warmup reset
ggml_backend_cuda_graph_compute: CUDA graph warmup reset
ggml_backend_cuda_graph_compute: CUDA graph warmup reset
ggml_backend_cuda_graph_compute: CUDA graph warmup reset
ggml_backend_cuda_graph_compute: CUDA graph warmup reset
ggml_backend_cuda_graph_compute: CUDA graph warmup reset
ggml_backend_cuda_graph_compute: CUDA graph warmup reset
ggml_backend_cuda_graph_compute: CUDA graph warmup reset
ggml_backend_cuda_graph_compute: CUDA graph warmup reset
ggml_backend_cuda_graph_compute: CUDA graph warmup reset
ggml_backend_cuda_graph_compute: CUDA graph warmup reset
ggml_backend_cuda_graph_compute: CUDA graph warmup reset
ggml_backend_cuda_graph_compute: CUDA graph warmup reset
ggml_backend_cuda_graph_compute: CUDA graph warmup reset
ggml_backend_cuda_graph_compute: CUDA graph warmup reset
ggml_backend_cuda_graph_compute: CUDA graph warmup reset
ggml_backend_cuda_graph_compute: CUDA graph warmup reset
ggml_backend_cuda_graph_compute: CUDA graph warmup reset
ggml_backend_cuda_graph_compute: CUDA graph warmup reset
ggml_backend_cuda_graph_compute: CUDA graph warmup reset
ggml_backend_cuda_graph_compute: CUDA graph warmup reset
ggml_backend_cuda_graph_compute: CUDA graph warmup reset
ggml_backend_cuda_graph_compute: CUDA graph warmup reset
ggml_backend_cuda_graph_compute: CUDA graph warmup reset
ggml_backend_cuda_graph_compute: CUDA graph warmup reset
ggml_backend_cuda_graph_compute: CUDA graph warmup reset
ggml_backend_cuda_graph_compute: CUDA graph warmup reset
ggml_backend_cuda_graph_compute: CUDA graph warmup reset
ggml_backend_cuda_graph_compute: CUDA graph warmup reset
ggml_backend_cuda_graph_compute: CUDA graph warmup reset
ggml_backend_cuda_graph_compute: CUDA graph warmup reset
ggml_backend_cuda_graph_compute: CUDA graph warmup reset
ggml_backend_cuda_graph_compute: CUDA graph warmup reset
ggml_backend_cuda_graph_compute: CUDA graph warmup reset
ggml_backend_cuda_graph_compute: CUDA graph warmup reset
ggml_backend_cuda_graph_compute: CUDA graph warmup reset
ggml_backend_cuda_graph_compute: CUDA graph warmup reset
ggml_backend_cuda_graph_compute: CUDA graph warmup reset
ggml_backend_cuda_graph_compute: CUDA graph warmup reset
ggml_backend_cuda_graph_compute: CUDA graph warmup reset
ggml_backend_cuda_graph_compute: CUDA graph warmup reset
ggml_backend_cuda_graph_compute: CUDA graph warmup reset
ggml_backend_cuda_graph_compute: CUDA graph warmup reset
ggml_backend_cuda_graph_compute: CUDA graph warmup reset
ggml_backend_cuda_graph_compute: CUDA graph warmup reset
ggml_backend_cuda_graph_compute: CUDA graph warmup reset
ggml_backend_cuda_graph_compute: CUDA graph warmup reset
ggml_backend_cuda_graph_compute: CUDA graph warmup reset
ggml_backend_cuda_graph_compute: CUDA graph warmup reset
ggml_backend_cuda_graph_compute: CUDA graph warmup reset
ggml_backend_cuda_graph_compute: CUDA graph warmup reset
ggml_backend_cuda_graph_compute: CUDA graph warmup reset
ggml_backend_cuda_graph_compute: CUDA graph warmup reset
ggml_backend_cuda_graph_compute: CUDA graph warmup reset
ggml_backend_cuda_graph_compute: CUDA graph warmup reset
ggml_backend_cuda_graph_compute: CUDA graph warmup reset
ggml_backend_cuda_graph_compute: CUDA graph warmup reset
ggml_backend_cuda_graph_compute: CUDA graph warmup reset
ggml_backend_cuda_graph_compute: CUDA graph warmup reset
ggml_backend_cuda_graph_compute: CUDA graph warmup reset
ggml_backend_cuda_graph_compute: CUDA graph warmup reset
ggml_backend_cuda_graph_compute: CUDA graph warmup reset
ggml_backend_cuda_graph_compute: CUDA graph warmup reset
ggml_backend_cuda_graph_compute: CUDA graph warmup reset
ggml_backend_cuda_graph_compute: CUDA graph warmup reset
ggml_backend_cuda_graph_compute: CUDA graph warmup reset
ggml_backend_cuda_graph_compute: CUDA graph warmup reset
ggml_backend_cuda_graph_compute: CUDA graph warmup reset
ggml_backend_cuda_graph_compute: CUDA graph warmup reset
ggml_backend_cuda_graph_compute: CUDA graph warmup reset
ggml_backend_cuda_graph_compute: CUDA graph warmup reset
ggml_backend_cuda_graph_compute: CUDA graph warmup reset
ggml_backend_cuda_graph_compute: CUDA graph warmup reset
ggml_backend_cuda_graph_compute: CUDA graph warmup reset
ggml_backend_cuda_graph_compute: CUDA graph warmup reset
ggml_backend_cuda_graph_compute: CUDA graph warmup reset
ggml_backend_cuda_graph_compute: CUDA graph warmup reset
ggml_backend_cuda_graph_compute: CUDA graph warmup reset
ggml_backend_cuda_graph_compute: CUDA graph warmup reset
ggml_backend_cuda_graph_compute: CUDA graph warmup reset
ggml_backend_cuda_graph_compute: CUDA graph warmup reset
ggml_backend_cuda_graph_compute: CUDA graph warmup reset
ggml_backend_cuda_graph_compute: CUDA graph warmup reset
ggml_backend_cuda_graph_compute: CUDA graph warmup reset
ggml_backend_cuda_graph_compute: CUDA graph warmup reset
ggml_backend_cuda_graph_compute: CUDA graph warmup reset
ggml_backend_cuda_graph_compute: CUDA graph warmup reset
ggml_backend_cuda_graph_compute: CUDA graph warmup reset
ggml_backend_cuda_graph_compute: CUDA graph warmup reset
ggml_backend_cuda_graph_compute: CUDA graph warmup reset
ggml_backend_cuda_graph_compute: CUDA graph warmup reset
ggml_backend_cuda_graph_compute: CUDA graph warmup reset
ggml_backend_cuda_graph_compute: CUDA graph warmup reset
ggml_backend_cuda_graph_compute: CUDA graph warmup reset
ggml_backend_cuda_graph_compute: CUDA graph warmup reset
ggml_backend_cuda_graph_compute: CUDA graph warmup reset
ggml_backend_cuda_graph_compute: CUDA graph warmup reset
ggml_backend_cuda_graph_compute: CUDA graph warmup reset
ggml_backend_cuda_graph_compute: CUDA graph warmup reset
ggml_backend_cuda_graph_compute: CUDA graph warmup reset
ggml_backend_cuda_graph_compute: CUDA graph warmup reset
ggml_backend_cuda_graph_compute: CUDA graph warmup reset
ggml_backend_cuda_graph_compute: CUDA graph warmup reset
ggml_backend_cuda_graph_compute: CUDA graph warmup reset
ggml_backend_cuda_graph_compute: CUDA graph warmup reset
ggml_backend_cuda_graph_compute: CUDA graph warmup reset
ggml_backend_cuda_graph_compute: CUDA graph warmup reset
ggml_backend_cuda_graph_compute: CUDA graph warmup reset
ggml_backend_cuda_graph_compute: CUDA graph warmup reset
ggml_backend_cuda_graph_compute: CUDA graph warmup reset
ggml_backend_cuda_graph_compute: CUDA graph warmup reset
ggml_backend_cuda_graph_compute: CUDA graph warmup reset
ggml_backend_cuda_graph_compute: CUDA graph warmup reset
ggml_backend_cuda_graph_compute: CUDA graph warmup reset
ggml_backend_cuda_graph_compute: CUDA graph warmup reset
ggml_backend_cuda_graph_compute: CUDA graph warmup reset
ggml_backend_cuda_graph_compute: CUDA graph warmup reset
ggml_backend_cuda_graph_compute: CUDA graph warmup reset
ggml_backend_cuda_graph_compute: CUDA graph warmup reset
ggml_backend_cuda_graph_compute: CUDA graph warmup reset
ggml_backend_cuda_graph_compute: CUDA graph warmup reset
ggml_backend_cuda_graph_compute: CUDA graph warmup reset
ggml_backend_cuda_graph_compute: CUDA graph warmup reset
ggml_backend_cuda_graph_compute: CUDA graph warmup reset
ggml_backend_cuda_graph_compute: CUDA graph warmup reset
ggml_backend_cuda_graph_compute: CUDA graph warmup reset
ggml_backend_cuda_graph_compute: CUDA graph warmup reset
ggml_backend_cuda_graph_compute: CUDA graph warmup reset
ggml_backend_cuda_graph_compute: CUDA graph warmup reset
ggml_backend_cuda_graph_compute: CUDA graph warmup reset
ggml_backend_cuda_graph_compute: CUDA graph warmup reset
ggml_backend_cuda_graph_compute: CUDA graph warmup reset
ggml_backend_cuda_graph_compute: CUDA graph warmup reset
ggml_backend_cuda_graph_compute: CUDA graph warmup reset
ggml_backend_cuda_graph_compute: CUDA graph warmup reset
ggml_backend_cuda_graph_compute: CUDA graph warmup reset
ggml_backend_cuda_graph_compute: CUDA graph warmup reset
ggml_backend_cuda_graph_compute: CUDA graph warmup reset
ggml_backend_cuda_graph_compute: CUDA graph warmup reset
ggml_backend_cuda_graph_compute: CUDA graph warmup reset
ggml_backend_cuda_graph_compute: CUDA graph warmup reset
ggml_backend_cuda_graph_compute: CUDA graph warmup reset
ggml_backend_cuda_graph_compute: CUDA graph warmup reset
ggml_backend_cuda_graph_compute: CUDA graph warmup reset
ggml_backend_cuda_graph_compute: CUDA graph warmup reset
ggml_backend_cuda_graph_compute: CUDA graph warmup reset
ggml_backend_cuda_graph_compute: CUDA graph warmup reset
ggml_backend_cuda_graph_compute: CUDA graph warmup reset
ggml_backend_cuda_graph_compute: CUDA graph warmup reset
ggml_backend_cuda_graph_compute: CUDA graph warmup reset
ggml_backend_cuda_graph_compute: CUDA graph warmup reset
ggml_backend_cuda_graph_compute: CUDA graph warmup reset
ggml_backend_cuda_graph_compute: CUDA graph warmup reset
ggml_backend_cuda_graph_compute: CUDA graph warmup reset
ggml_backend_cuda_graph_compute: CUDA graph warmup reset
ggml_backend_cuda_graph_compute: CUDA graph warmup reset
ggml_backend_cuda_graph_compute: CUDA graph warmup reset
ggml_backend_cuda_graph_compute: CUDA graph warmup reset
ggml_backend_cuda_graph_compute: CUDA graph warmup reset
ggml_backend_cuda_graph_compute: CUDA graph warmup reset
ggml_backend_cuda_graph_compute: CUDA graph warmup reset
ggml_backend_cuda_graph_compute: CUDA graph warmup reset
ggml_backend_cuda_graph_compute: CUDA graph warmup reset
ggml_backend_cuda_graph_compute: CUDA graph warmup reset
ggml_backend_cuda_graph_compute: CUDA graph warmup reset
ggml_backend_cuda_graph_compute: CUDA graph warmup reset
ggml_backend_cuda_graph_compute: CUDA graph warmup reset
ggml_backend_cuda_graph_compute: CUDA graph warmup reset
ggml_backend_cuda_graph_compute: CUDA graph warmup reset
ggml_backend_cuda_graph_compute: CUDA graph warmup reset
ggml_backend_cuda_graph_compute: CUDA graph warmup reset
ggml_backend_cuda_graph_compute: CUDA graph warmup reset
ggml_backend_cuda_graph_compute: CUDA graph warmup reset
ggml_backend_cuda_graph_compute: CUDA graph warmup reset
ggml_backend_cuda_graph_compute: CUDA graph warmup reset
ggml_backend_cuda_graph_compute: CUDA graph warmup reset
ggml_backend_cuda_graph_compute: CUDA graph warmup reset
ggml_backend_cuda_graph_compute: CUDA graph warmup reset
ggml_backend_cuda_graph_compute: CUDA graph warmup reset
ggml_backend_cuda_graph_compute: CUDA graph warmup reset
ggml_backend_cuda_graph_compute: CUDA graph warmup reset
ggml_backend_cuda_graph_compute: CUDA graph warmup reset
ggml_backend_cuda_graph_compute: CUDA graph warmup reset
ggml_backend_cuda_graph_compute: CUDA graph warmup reset
ggml_backend_cuda_graph_compute: CUDA graph warmup reset
ggml_backend_cuda_graph_compute: CUDA graph warmup reset
ggml_backend_cuda_graph_compute: CUDA graph warmup reset
ggml_backend_cuda_graph_compute: CUDA graph warmup reset
ggml_backend_cuda_graph_compute: CUDA graph warmup reset
ggml_backend_cuda_graph_compute: CUDA graph warmup reset
ggml_backend_cuda_graph_compute: CUDA graph warmup reset
ggml_backend_cuda_graph_compute: CUDA graph warmup reset
ggml_backend_cuda_graph_compute: CUDA graph warmup reset
ggml_backend_cuda_graph_compute: CUDA graph warmup reset
ggml_backend_cuda_graph_compute: CUDA graph warmup reset
ggml_backend_cuda_graph_compute: CUDA graph warmup reset
ggml_backend_cuda_graph_compute: CUDA graph warmup reset
ggml_backend_cuda_graph_compute: CUDA graph warmup reset
ggml_backend_cuda_graph_compute: CUDA graph warmup reset
ggml_backend_cuda_graph_compute: CUDA graph warmup reset
ggml_backend_cuda_graph_compute: CUDA graph warmup reset
ggml_backend_cuda_graph_compute: CUDA graph warmup reset
ggml_backend_cuda_graph_compute: CUDA graph warmup reset
ggml_backend_cuda_graph_compute: CUDA graph warmup reset
ggml_backend_cuda_graph_compute: CUDA graph warmup reset
ggml_backend_cuda_graph_compute: CUDA graph warmup reset
ggml_backend_cuda_graph_compute: CUDA graph warmup reset
ggml_backend_cuda_graph_compute: CUDA graph warmup reset
ggml_backend_cuda_graph_compute: CUDA graph warmup reset
ggml_backend_cuda_graph_compute: CUDA graph warmup reset
ggml_backend_cuda_graph_compute: CUDA graph warmup reset
ggml_backend_cuda_graph_compute: CUDA graph warmup reset
ggml_backend_cuda_graph_compute: CUDA graph warmup reset
ggml_backend_cuda_graph_compute: CUDA graph warmup reset
ggml_backend_cuda_graph_compute: CUDA graph warmup reset
ggml_backend_cuda_graph_compute: CUDA graph warmup reset
ggml_backend_cuda_graph_compute: CUDA graph warmup reset
ggml_backend_cuda_graph_compute: CUDA graph warmup reset
ggml_backend_cuda_graph_compute: CUDA graph warmup reset
ggml_backend_cuda_graph_compute: CUDA graph warmup reset
ggml_backend_cuda_graph_compute: CUDA graph warmup reset
ggml_backend_cuda_graph_compute: CUDA graph warmup reset
ggml_backend_cuda_graph_compute: CUDA graph warmup reset
ggml_backend_cuda_graph_compute: CUDA graph warmup reset
ggml_backend_cuda_graph_compute: CUDA graph warmup reset
ggml_backend_cuda_graph_compute: CUDA graph warmup reset
ggml_backend_cuda_graph_compute: CUDA graph warmup reset
ggml_backend_cuda_graph_compute: CUDA graph warmup reset
ggml_backend_cuda_graph_compute: CUDA graph warmup reset
ggml_backend_cuda_graph_compute: CUDA graph warmup reset
ggml_backend_cuda_graph_compute: CUDA graph warmup reset
ggml_backend_cuda_graph_compute: CUDA graph warmup reset
ggml_backend_cuda_graph_compute: CUDA graph warmup reset
ggml_backend_cuda_graph_compute: CUDA graph warmup reset
ggml_backend_cuda_graph_compute: CUDA graph warmup reset
ggml_backend_cuda_graph_compute: CUDA graph warmup reset
ggml_backend_cuda_graph_compute: CUDA graph warmup reset
ggml_backend_cuda_graph_compute: CUDA graph warmup reset
ggml_backend_cuda_graph_compute: CUDA graph warmup reset
ggml_backend_cuda_graph_compute: CUDA graph warmup reset
ggml_backend_cuda_graph_compute: CUDA graph warmup reset
ggml_backend_cuda_graph_compute: CUDA graph warmup reset
ggml_backend_cuda_graph_compute: CUDA graph warmup reset
ggml_backend_cuda_graph_compute: CUDA graph warmup reset
ggml_backend_cuda_graph_compute: CUDA graph warmup reset
ggml_backend_cuda_graph_compute: CUDA graph warmup reset
ggml_backend_cuda_graph_compute: CUDA graph warmup reset
ggml_backend_cuda_graph_compute: CUDA graph warmup reset
ggml_backend_cuda_graph_compute: CUDA graph warmup reset
ggml_backend_cuda_graph_compute: CUDA graph warmup reset
ggml_backend_cuda_graph_compute: CUDA graph warmup reset
ggml_backend_cuda_graph_compute: CUDA graph warmup reset
ggml_backend_cuda_graph_compute: CUDA graph warmup reset
ggml_backend_cuda_graph_compute: CUDA graph warmup reset
ggml_backend_cuda_graph_compute: CUDA graph warmup reset
ggml_backend_cuda_graph_compute: CUDA graph warmup reset
ggml_backend_cuda_graph_compute: CUDA graph warmup reset
ggml_backend_cuda_graph_compute: CUDA graph warmup reset
ggml_backend_cuda_graph_compute: CUDA graph warmup reset
ggml_backend_cuda_graph_compute: CUDA graph warmup reset
ggml_backend_cuda_graph_compute: CUDA graph warmup reset
ggml_backend_cuda_graph_compute: CUDA graph warmup reset
ggml_backend_cuda_graph_compute: CUDA graph warmup reset
ggml_backend_cuda_graph_compute: CUDA graph warmup reset
ggml_backend_cuda_graph_compute: CUDA graph warmup reset
ggml_backend_cuda_graph_compute: CUDA graph warmup reset
ggml_backend_cuda_graph_compute: CUDA graph warmup reset
ggml_backend_cuda_graph_compute: CUDA graph warmup reset
ggml_backend_cuda_graph_compute: CUDA graph warmup reset
ggml_backend_cuda_graph_compute: CUDA graph warmup reset
ggml_backend_cuda_graph_compute: CUDA graph warmup reset
ggml_backend_cuda_graph_compute: CUDA graph warmup reset
ggml_backend_cuda_graph_compute: CUDA graph warmup reset
ggml_backend_cuda_graph_compute: CUDA graph warmup reset
ggml_backend_cuda_graph_compute: CUDA graph warmup reset
ggml_backend_cuda_graph_compute: CUDA graph warmup reset
ggml_backend_cuda_graph_compute: CUDA graph warmup reset
ggml_backend_cuda_graph_compute: CUDA graph warmup reset
ggml_backend_cuda_graph_compute: CUDA graph warmup reset
ggml_backend_cuda_graph_compute: CUDA graph warmup reset
ggml_backend_cuda_graph_compute: CUDA graph warmup reset
ggml_backend_cuda_graph_compute: CUDA graph warmup reset
ggml_backend_cuda_graph_compute: CUDA graph warmup reset
ggml_backend_cuda_graph_compute: CUDA graph warmup reset
ggml_backend_cuda_graph_compute: CUDA graph warmup reset
ggml_backend_cuda_graph_compute: CUDA graph warmup reset
ggml_backend_cuda_graph_compute: CUDA graph warmup reset
ggml_backend_cuda_graph_compute: CUDA graph warmup reset
ggml_backend_cuda_graph_compute: CUDA graph warmup reset
ggml_backend_cuda_graph_compute: CUDA graph warmup reset
ggml_backend_cuda_graph_compute: CUDA graph warmup reset
{"build_commit": "5266f24", "build_number": 1, "cpu_info": "AMD Ryzen 5 9600X 6-Core Processor", "gpu_info": "AMD Radeon AI PRO R9700, AMD Radeon Graphics", "backends": "ROCm", "model_filename": "/models/493301830a596b8ad56dc1329f80bbcb578c8e910da395feafdc9cd8263430bb", "model_type": "qwen35 27B Q6_K", "model_size": 23077412864, "model_n_params": 27320697856, "n_batch": 2048, "n_ubatch": 2048, "n_threads": 6, "cpu_mask": "0x0", "cpu_strict": false, "poll": 50, "type_k": "f16", "type_v": "f16", "n_gpu_layers": 0, "n_cpu_moe": 0, "split_mode": "layer", "main_gpu": 0, "no_kv_offload": false, "flash_attn": -1, "devices": "ROCm0", "tensor_split": "0.00", "tensor_buft_overrides": "none", "load_mode": "auto", "lazy_mode": "auto", "embeddings": false, "no_op_offload": 0, "no_host": false, "fit_target": 0, "fit_min_ctx": 0, "n_prompt": 2048, "n_gen": 0, "n_depth": 2048, "test_time": "2026-09-10T15:49:32Z", "avg_ns": 3938693184, "stddev_ns": 0, "avg_ts": 519.969417, "stddev_ts": 0.000000, "samples_ns": [ 3938693184 ],"samples_ts": [ 519.969 ]}
llama_perf_context_print:        load time =    4657.27 ms
llama_perf_context_print: prompt eval time =       0.00 ms /  6144 tokens (    0.00 ms per token,      inf tokens per second)
llama_perf_context_print:        eval time =       0.00 ms /     1 runs   (    0.00 ms per token,      inf tokens per second)
llama_perf_context_print:       total time =   12470.74 ms /  6145 tokens
llama_perf_context_print:    graphs reused =          1
~llama_context:      ROCm0 compute buffer size is 3308.3086 MiB, matches expectation of 3308.3086 MiB
~llama_context:  ROCm_Host compute buffer size is 136.1875 MiB, matches expectation of 136.1875 MiB
